1,-0.00199877+1i*(-0.000494109),0.00456676+1i*(-0.000382857),0.000203132+1i*(-1.87101e-05),-4.55494e-06+1i*(6.59587e-07),0.00656359+1i*(-0.000822674),-6.11522e-07+1i*(7.60215e-08),-1.41865e-06+1i*(9.52957e-07),2.56054e-07+1i*(3.33292e-06),4.63369e-08+1i*(-0.000147756),
1.00693,-0.00199389+1i*(-0.000498489),0.00456546+1i*(-0.000383225),0.000203186+1i*(-1.87686e-05),-4.61693e-06+1i*(6.73197e-07),0.00656218+1i*(-0.00082817),-6.19876e-07+1i*(7.7591e-08),-1.44164e-06+1i*(9.56824e-07),2.65718e-07+1i*(3.35744e-06),4.67924e-08+1i*(-0.00014878),
1.01391,-0.00198895+1i*(-0.000502892),0.00456417+1i*(-0.000383602),0.000203242+1i*(-1.88276e-05),-4.67974e-06+1i*(6.87085e-07),0.00656076+1i*(-0.000833699),-6.28342e-07+1i*(7.91926e-08),-1.46496e-06+1i*(9.60695e-07),2.75539e-07+1i*(3.3821e-06),4.72533e-08+1i*(-0.000149811),
1.02094,-0.00198396+1i*(-0.000507317),0.00456288+1i*(-0.000383986),0.000203299+1i*(-1.88871e-05),-4.74338e-06+1i*(7.01257e-07),0.00655932+1i*(-0.000839263),-6.36922e-07+1i*(8.08269e-08),-1.48862e-06+1i*(9.6457e-07),2.85519e-07+1i*(3.40689e-06),4.77196e-08+1i*(-0.000150849),
1.02802,-0.00197891+1i*(-0.000511764),0.0045616+1i*(-0.000384377),0.000203358+1i*(-1.89471e-05),-4.80787e-06+1i*(7.15718e-07),0.00655786+1i*(-0.000844861),-6.45616e-07+1i*(8.24946e-08),-1.51263e-06+1i*(9.68449e-07),2.95661e-07+1i*(3.43182e-06),4.81916e-08+1i*(-0.000151895),
1.03514,-0.0019738+1i*(-0.000516234),0.00456032+1i*(-0.000384777),0.000203418+1i*(-1.90076e-05),-4.87321e-06+1i*(7.30474e-07),0.00655638+1i*(-0.000850493),-6.54427e-07+1i*(8.41963e-08),-1.53698e-06+1i*(9.7233e-07),3.05966e-07+1i*(3.45689e-06),4.86692e-08+1i*(-0.000152948),
1.04232,-0.00196863+1i*(-0.000520727),0.00455905+1i*(-0.000385184),0.00020348+1i*(-1.90685e-05),-4.93943e-06+1i*(7.45531e-07),0.00655488+1i*(-0.000856159),-6.63356e-07+1i*(8.59329e-08),-1.56168e-06+1i*(9.76213e-07),3.16436e-07+1i*(3.48209e-06),4.91525e-08+1i*(-0.000154008),
1.04954,-0.0019634+1i*(-0.000525241),0.00455779+1i*(-0.0003856),0.000203543+1i*(-1.913e-05),-5.00652e-06+1i*(7.60895e-07),0.00655336+1i*(-0.00086186),-6.72404e-07+1i*(8.77048e-08),-1.58673e-06+1i*(9.80099e-07),3.27073e-07+1i*(3.50743e-06),4.96416e-08+1i*(-0.000155075),
1.05682,-0.00195811+1i*(-0.000529778),0.00455653+1i*(-0.000386024),0.000203608+1i*(-1.91919e-05),-5.0745e-06+1i*(7.76573e-07),0.00655182+1i*(-0.000867596),-6.81574e-07+1i*(8.95129e-08),-1.61215e-06+1i*(9.83985e-07),3.37879e-07+1i*(3.5329e-06),5.01367e-08+1i*(-0.00015615),
1.06414,-0.00195276+1i*(-0.000534338),0.00455527+1i*(-0.000386456),0.000203674+1i*(-1.92544e-05),-5.14337e-06+1i*(7.92569e-07),0.00655026+1i*(-0.000873367),-6.90865e-07+1i*(9.13579e-08),-1.63793e-06+1i*(9.87872e-07),3.48856e-07+1i*(3.55851e-06),5.06377e-08+1i*(-0.000157232),
1.07152,-0.00194735+1i*(-0.00053892),0.00455402+1i*(-0.000386897),0.000203742+1i*(-1.93173e-05),-5.21316e-06+1i*(8.08892e-07),0.00654868+1i*(-0.000879173),-7.00281e-07+1i*(9.32406e-08),-1.66408e-06+1i*(9.9176e-07),3.60005e-07+1i*(3.58426e-06),5.11447e-08+1i*(-0.000158322),
1.07895,-0.00194188+1i*(-0.000543524),0.00455277+1i*(-0.000387347),0.000203812+1i*(-1.93808e-05),-5.28388e-06+1i*(8.25547e-07),0.00654708+1i*(-0.000885014),-7.09823e-07+1i*(9.51616e-08),-1.6906e-06+1i*(9.95647e-07),3.7133e-07+1i*(3.61015e-06),5.1658e-08+1i*(-0.000159419),
1.08643,-0.00193634+1i*(-0.000548151),0.00455153+1i*(-0.000387806),0.000203883+1i*(-1.94448e-05),-5.35552e-06+1i*(8.42541e-07),0.00654546+1i*(-0.000890891),-7.19491e-07+1i*(9.71217e-08),-1.71751e-06+1i*(9.99533e-07),3.82831e-07+1i*(3.63617e-06),5.21774e-08+1i*(-0.000160524),
1.09396,-0.00193073+1i*(-0.000552799),0.00455029+1i*(-0.000388273),0.000203955+1i*(-1.95093e-05),-5.42812e-06+1i*(8.59881e-07),0.00654381+1i*(-0.000896803),-7.29289e-07+1i*(9.91218e-08),-1.7448e-06+1i*(1.00342e-06),3.94511e-07+1i*(3.66233e-06),5.27032e-08+1i*(-0.000161637),
1.10154,-0.00192506+1i*(-0.000557471),0.00454905+1i*(-0.00038875),0.00020403+1i*(-1.95743e-05),-5.50167e-06+1i*(8.77574e-07),0.00654215+1i*(-0.000902751),-7.39217e-07+1i*(1.01163e-07),-1.77248e-06+1i*(1.0073e-06),4.06373e-07+1i*(3.68863e-06),5.32354e-08+1i*(-0.000162757),
1.10917,-0.00191933+1i*(-0.000562164),0.00454782+1i*(-0.000389236),0.000204106+1i*(-1.96398e-05),-5.57619e-06+1i*(8.95626e-07),0.00654046+1i*(-0.000908734),-7.49277e-07+1i*(1.03245e-07),-1.80056e-06+1i*(1.01118e-06),4.18417e-07+1i*(3.71507e-06),5.37742e-08+1i*(-0.000163885),
1.11686,-0.00191352+1i*(-0.00056688),0.0045466+1i*(-0.000389732),0.000204183+1i*(-1.97059e-05),-5.65169e-06+1i*(9.14045e-07),0.00653875+1i*(-0.000914754),-7.59472e-07+1i*(1.0537e-07),-1.82904e-06+1i*(1.01505e-06),4.30647e-07+1i*(3.74164e-06),5.43195e-08+1i*(-0.000165021),
1.1246,-0.00190765+1i*(-0.000571618),0.00454537+1i*(-0.000390237),0.000204263+1i*(-1.97725e-05),-5.72819e-06+1i*(9.32838e-07),0.00653702+1i*(-0.000920809),-7.69801e-07+1i*(1.07537e-07),-1.85792e-06+1i*(1.01892e-06),4.43064e-07+1i*(3.76835e-06),5.48715e-08+1i*(-0.000166165),
1.1324,-0.0019017+1i*(-0.000576378),0.00454416+1i*(-0.000390752),0.000204344+1i*(-1.98396e-05),-5.80569e-06+1i*(9.52013e-07),0.00653526+1i*(-0.000926901),-7.80268e-07+1i*(1.09749e-07),-1.88722e-06+1i*(1.02279e-06),4.55671e-07+1i*(3.79521e-06),5.54304e-08+1i*(-0.000167316),
1.14025,-0.00189569+1i*(-0.00058116),0.00454294+1i*(-0.000391276),0.000204426+1i*(-1.99073e-05),-5.88421e-06+1i*(9.71577e-07),0.00653348+1i*(-0.000933029),-7.90874e-07+1i*(1.12006e-07),-1.91693e-06+1i*(1.02665e-06),4.68469e-07+1i*(3.8222e-06),5.59961e-08+1i*(-0.000168476),
1.14815,-0.0018896+1i*(-0.000585964),0.00454173+1i*(-0.000391811),0.000204511+1i*(-1.99755e-05),-5.96376e-06+1i*(9.91538e-07),0.00653168+1i*(-0.000939193),-8.01621e-07+1i*(1.14309e-07),-1.94706e-06+1i*(1.03051e-06),4.81462e-07+1i*(3.84932e-06),5.65689e-08+1i*(-0.000169644),
1.15611,-0.00188344+1i*(-0.00059079),0.00454052+1i*(-0.000392355),0.000204597+1i*(-2.00443e-05),-6.04436e-06+1i*(1.0119e-06),0.00652986+1i*(-0.000945395),-8.12511e-07+1i*(1.16659e-07),-1.97763e-06+1i*(1.03435e-06),4.94651e-07+1i*(3.87659e-06),5.71487e-08+1i*(-0.000170819),
1.16413,-0.0018772+1i*(-0.000595639),0.00453932+1i*(-0.00039291),0.000204685+1i*(-2.01136e-05),-6.12601e-06+1i*(1.03268e-06),0.00652801+1i*(-0.000951633),-8.23544e-07+1i*(1.19056e-07),-2.00863e-06+1i*(1.03819e-06),5.08038e-07+1i*(3.90399e-06),5.77357e-08+1i*(-0.000172003),
1.1722,-0.00187089+1i*(-0.000600509),0.00453812+1i*(-0.000393475),0.000204775+1i*(-2.01835e-05),-6.20873e-06+1i*(1.05388e-06),0.00652613+1i*(-0.000957907),-8.34724e-07+1i*(1.21502e-07),-2.04006e-06+1i*(1.04202e-06),5.21626e-07+1i*(3.93154e-06),5.833e-08+1i*(-0.000173195),
1.18032,-0.0018645+1i*(-0.000605402),0.00453692+1i*(-0.000394051),0.000204866+1i*(-2.02539e-05),-6.29254e-06+1i*(1.07551e-06),0.00652423+1i*(-0.000964219),-8.46052e-07+1i*(1.23997e-07),-2.07195e-06+1i*(1.04584e-06),5.35417e-07+1i*(3.95922e-06),5.89318e-08+1i*(-0.000174396),
1.1885,-0.00185803+1i*(-0.000610316),0.00453572+1i*(-0.000394637),0.00020496+1i*(-2.03249e-05),-6.37744e-06+1i*(1.09758e-06),0.00652231+1i*(-0.000970568),-8.5753e-07+1i*(1.26543e-07),-2.10428e-06+1i*(1.04965e-06),5.49414e-07+1i*(3.98704e-06),5.9541e-08+1i*(-0.000175604),
1.19674,-0.00185149+1i*(-0.000615252),0.00453453+1i*(-0.000395234),0.000205055+1i*(-2.03964e-05),-6.46345e-06+1i*(1.12009e-06),0.00652036+1i*(-0.000976955),-8.69159e-07+1i*(1.29141e-07),-2.13707e-06+1i*(1.05345e-06),5.63618e-07+1i*(4.015e-06),6.01579e-08+1i*(-0.000176821),
1.20504,-0.00184486+1i*(-0.00062021),0.00453334+1i*(-0.000395842),0.000205152+1i*(-2.04685e-05),-6.55058e-06+1i*(1.14306e-06),0.00651839+1i*(-0.000983378),-8.80942e-07+1i*(1.31791e-07),-2.17033e-06+1i*(1.05723e-06),5.78033e-07+1i*(4.0431e-06),6.07824e-08+1i*(-0.000178047),
1.21339,-0.00183816+1i*(-0.000625189),0.00453215+1i*(-0.00039646),0.000205251+1i*(-2.05412e-05),-6.63885e-06+1i*(1.16649e-06),0.00651639+1i*(-0.00098984),-8.92881e-07+1i*(1.34495e-07),-2.20406e-06+1i*(1.061e-06),5.9266e-07+1i*(4.07134e-06),6.14148e-08+1i*(-0.000179281),
1.2218,-0.00183137+1i*(-0.000630191),0.00453097+1i*(-0.00039709),0.000205352+1i*(-2.06144e-05),-6.72827e-06+1i*(1.1904e-06),0.00651436+1i*(-0.000996338),-9.04977e-07+1i*(1.37253e-07),-2.23826e-06+1i*(1.06476e-06),6.07502e-07+1i*(4.09971e-06),6.20552e-08+1i*(-0.000180523),
1.23027,-0.0018245+1i*(-0.000635214),0.00452979+1i*(-0.000397731),0.000205455+1i*(-2.06882e-05),-6.81886e-06+1i*(1.21479e-06),0.00651231+1i*(-0.00100288),-9.17232e-07+1i*(1.40068e-07),-2.27295e-06+1i*(1.0685e-06),6.22562e-07+1i*(4.12823e-06),6.27035e-08+1i*(-0.000181774),
1.2388,-0.00181754+1i*(-0.000640258),0.00452861+1i*(-0.000398383),0.00020556+1i*(-2.07626e-05),-6.91062e-06+1i*(1.23967e-06),0.00651023+1i*(-0.00100945),-9.29649e-07+1i*(1.42939e-07),-2.30812e-06+1i*(1.07223e-06),6.37842e-07+1i*(4.15688e-06),6.33601e-08+1i*(-0.000183034),
1.24738,-0.0018105+1i*(-0.000645324),0.00452743+1i*(-0.000399047),0.000205666+1i*(-2.08375e-05),-7.00358e-06+1i*(1.26505e-06),0.00650813+1i*(-0.00101606),-9.4223e-07+1i*(1.45868e-07),-2.34379e-06+1i*(1.07594e-06),6.53345e-07+1i*(4.18567e-06),6.40249e-08+1i*(-0.000184303),
1.25603,-0.00180337+1i*(-0.000650411),0.00452625+1i*(-0.000399722),0.000205775+1i*(-2.09131e-05),-7.09774e-06+1i*(1.29095e-06),0.00650599+1i*(-0.00102271),-9.54976e-07+1i*(1.48857e-07),-2.37997e-06+1i*(1.07962e-06),6.69073e-07+1i*(4.2146e-06),6.46982e-08+1i*(-0.00018558),
1.26474,-0.00179615+1i*(-0.00065552),0.00452508+1i*(-0.000400409),0.000205886+1i*(-2.09892e-05),-7.19312e-06+1i*(1.31736e-06),0.00650383+1i*(-0.0010294),-9.67889e-07+1i*(1.51905e-07),-2.41665e-06+1i*(1.08329e-06),6.85028e-07+1i*(4.24367e-06),6.53799e-08+1i*(-0.000186866),
1.2735,-0.00178884+1i*(-0.00066065),0.00452391+1i*(-0.000401107),0.000205999+1i*(-2.10658e-05),-7.28974e-06+1i*(1.34431e-06),0.00650164+1i*(-0.00103613),-9.80972e-07+1i*(1.55016e-07),-2.45385e-06+1i*(1.08694e-06),7.01214e-07+1i*(4.27288e-06),6.60703e-08+1i*(-0.000188161),
1.28233,-0.00178143+1i*(-0.000665801),0.00452274+1i*(-0.000401818),0.000206114+1i*(-2.11431e-05),-7.38761e-06+1i*(1.37181e-06),0.00649943+1i*(-0.0010429),-9.94227e-07+1i*(1.58189e-07),-2.49157e-06+1i*(1.09057e-06),7.17633e-07+1i*(4.30222e-06),6.67694e-08+1i*(-0.000189465),
1.29122,-0.00177394+1i*(-0.000670973),0.00452157+1i*(-0.00040254),0.000206231+1i*(-2.1221e-05),-7.48675e-06+1i*(1.39985e-06),0.00649718+1i*(-0.0010497),-1.00765e-06+1i*(1.61425e-07),-2.52982e-06+1i*(1.09417e-06),7.34288e-07+1i*(4.33171e-06),6.74774e-08+1i*(-0.000190778),
1.30017,-0.00176635+1i*(-0.000676167),0.0045204+1i*(-0.000403275),0.00020635+1i*(-2.12994e-05),-7.58717e-06+1i*(1.42846e-06),0.0064949+1i*(-0.00105654),-1.02126e-06+1i*(1.64728e-07),-2.56861e-06+1i*(1.09775e-06),7.51181e-07+1i*(4.36133e-06),6.81944e-08+1i*(-0.0001921),
1.30918,-0.00175867+1i*(-0.000681381),0.00451923+1i*(-0.000404021),0.000206471+1i*(-2.13784e-05),-7.68888e-06+1i*(1.45764e-06),0.0064926+1i*(-0.00106342),-1.03504e-06+1i*(1.68096e-07),-2.60794e-06+1i*(1.1013e-06),7.68315e-07+1i*(4.39109e-06),6.89206e-08+1i*(-0.000193431),
1.31826,-0.00175089+1i*(-0.000686615),0.00451807+1i*(-0.00040478),0.000206595+1i*(-2.1458e-05),-7.79191e-06+1i*(1.48741e-06),0.00649026+1i*(-0.00107035),-1.049e-06+1i*(1.71532e-07),-2.64783e-06+1i*(1.10483e-06),7.85693e-07+1i*(4.42098e-06),6.9656e-08+1i*(-0.000194772),
1.32739,-0.00174301+1i*(-0.000691871),0.0045169+1i*(-0.000405552),0.00020672+1i*(-2.15382e-05),-7.89626e-06+1i*(1.51778e-06),0.0064879+1i*(-0.0010773),-1.06315e-06+1i*(1.75038e-07),-2.68827e-06+1i*(1.10833e-06),8.03317e-07+1i*(4.45102e-06),7.04007e-08+1i*(-0.000196122),
1.3366,-0.00173504+1i*(-0.000697147),0.00451574+1i*(-0.000406336),0.000206848+1i*(-2.1619e-05),-8.00195e-06+1i*(1.54876e-06),0.0064855+1i*(-0.0010843),-1.07748e-06+1i*(1.78614e-07),-2.72928e-06+1i*(1.11179e-06),8.21191e-07+1i*(4.48119e-06),7.1155e-08+1i*(-0.000197481),
1.34586,-0.00172696+1i*(-0.000702444),0.00451458+1i*(-0.000407133),0.000206978+1i*(-2.17004e-05),-8.109e-06+1i*(1.58036e-06),0.00648308+1i*(-0.00109134),-1.092e-06+1i*(1.82262e-07),-2.77087e-06+1i*(1.11523e-06),8.39317e-07+1i*(4.5115e-06),7.19189e-08+1i*(-0.000198849),
1.35519,-0.00171878+1i*(-0.000707761),0.00451341+1i*(-0.000407942),0.00020711+1i*(-2.17823e-05),-8.21743e-06+1i*(1.61259e-06),0.00648062+1i*(-0.00109842),-1.1067e-06+1i*(1.85982e-07),-2.81303e-06+1i*(1.11863e-06),8.57699e-07+1i*(4.54194e-06),7.26926e-08+1i*(-0.000200227),
1.36458,-0.00171049+1i*(-0.000713098),0.00451225+1i*(-0.000408764),0.000207245+1i*(-2.18649e-05),-8.32725e-06+1i*(1.64547e-06),0.00647813+1i*(-0.00110554),-1.1216e-06+1i*(1.89778e-07),-2.85578e-06+1i*(1.122e-06),8.76338e-07+1i*(4.57252e-06),7.34762e-08+1i*(-0.000201615),
1.37404,-0.0017021+1i*(-0.000718455),0.00451109+1i*(-0.000409599),0.000207382+1i*(-2.1948e-05),-8.43847e-06+1i*(1.67901e-06),0.00647561+1i*(-0.00111269),-1.13669e-06+1i*(1.9365e-07),-2.89914e-06+1i*(1.12534e-06),8.95239e-07+1i*(4.60323e-06),7.42698e-08+1i*(-0.000203012),
1.38357,-0.00169361+1i*(-0.000723832),0.00450993+1i*(-0.000410448),0.000207521+1i*(-2.20318e-05),-8.55112e-06+1i*(1.71321e-06),0.00647306+1i*(-0.00111989),-1.15198e-06+1i*(1.97599e-07),-2.94309e-06+1i*(1.12863e-06),9.14403e-07+1i*(4.63408e-06),7.50736e-08+1i*(-0.000204419),
1.39316,-0.001685+1i*(-0.000729229),0.00450877+1i*(-0.000411309),0.000207663+1i*(-2.21161e-05),-8.6652e-06+1i*(1.7481e-06),0.00647047+1i*(-0.00112712),-1.16746e-06+1i*(2.01628e-07),-2.98766e-06+1i*(1.13189e-06),9.33834e-07+1i*(4.66507e-06),7.58878e-08+1i*(-0.000205836),
1.40281,-0.00167629+1i*(-0.000734646),0.0045076+1i*(-0.000412184),0.000207807+1i*(-2.2201e-05),-8.78075e-06+1i*(1.78369e-06),0.00646785+1i*(-0.0011344),-1.18315e-06+1i*(2.05737e-07),-3.03285e-06+1i*(1.13511e-06),9.53535e-07+1i*(4.69619e-06),7.67124e-08+1i*(-0.000207262),
1.41254,-0.00166746+1i*(-0.000740082),0.00450644+1i*(-0.000413072),0.000207954+1i*(-2.22865e-05),-8.89776e-06+1i*(1.81999e-06),0.0064652+1i*(-0.00114171),-1.19904e-06+1i*(2.09928e-07),-3.07868e-06+1i*(1.13828e-06),9.73509e-07+1i*(4.72744e-06),7.75476e-08+1i*(-0.000208698),
1.42233,-0.00165852+1i*(-0.000745537),0.00450528+1i*(-0.000413973),0.000208102+1i*(-2.23727e-05),-9.01626e-06+1i*(1.85701e-06),0.00646252+1i*(-0.00114907),-1.21514e-06+1i*(2.14203e-07),-3.12514e-06+1i*(1.14141e-06),9.93759e-07+1i*(4.75883e-06),7.83936e-08+1i*(-0.000210144),
1.43219,-0.00164946+1i*(-0.000751012),0.00450411+1i*(-0.000414888),0.000208254+1i*(-2.24594e-05),-9.13628e-06+1i*(1.89477e-06),0.0064598+1i*(-0.00115646),-1.23144e-06+1i*(2.18564e-07),-3.17224e-06+1i*(1.1445e-06),1.01429e-06+1i*(4.79035e-06),7.92504e-08+1i*(-0.000211601),
1.44212,-0.00164029+1i*(-0.000756506),0.00450295+1i*(-0.000415816),0.000208408+1i*(-2.25466e-05),-9.25781e-06+1i*(1.93329e-06),0.00645704+1i*(-0.0011639),-1.24796e-06+1i*(2.23011e-07),-3.22e-06+1i*(1.14754e-06),1.0351e-06+1i*(4.82201e-06),8.01183e-08+1i*(-0.000213067),
1.45211,-0.001631+1i*(-0.000762018),0.00450178+1i*(-0.000416759),0.000208564+1i*(-2.26345e-05),-9.38089e-06+1i*(1.97257e-06),0.00645425+1i*(-0.00117137),-1.26468e-06+1i*(2.27548e-07),-3.26843e-06+1i*(1.15053e-06),1.0562e-06+1i*(4.85379e-06),8.09974e-08+1i*(-0.000214543),
1.46218,-0.0016216+1i*(-0.000767549),0.00450062+1i*(-0.000417715),0.000208723+1i*(-2.2723e-05),-9.50553e-06+1i*(2.01263e-06),0.00645143+1i*(-0.00117889),-1.28163e-06+1i*(2.32175e-07),-3.31753e-06+1i*(1.15346e-06),1.07758e-06+1i*(4.88571e-06),8.18879e-08+1i*(-0.00021603),
1.47231,-0.00161207+1i*(-0.000773099),0.00449945+1i*(-0.000418685),0.000208885+1i*(-2.28121e-05),-9.63174e-06+1i*(2.05349e-06),0.00644856+1i*(-0.00118644),-1.29879e-06+1i*(2.36894e-07),-3.36731e-06+1i*(1.15635e-06),1.09926e-06+1i*(4.91776e-06),8.27899e-08+1i*(-0.000217527),
1.48252,-0.00160241+1i*(-0.000778667),0.00449828+1i*(-0.000419669),0.000209049+1i*(-2.29017e-05),-9.75955e-06+1i*(2.09516e-06),0.00644567+1i*(-0.00119404),-1.31617e-06+1i*(2.41707e-07),-3.41778e-06+1i*(1.15918e-06),1.12123e-06+1i*(4.94994e-06),8.37035e-08+1i*(-0.000219034),
1.49279,-0.00159263+1i*(-0.000784253),0.00449711+1i*(-0.000420667),0.000209216+1i*(-2.2992e-05),-9.88897e-06+1i*(2.13766e-06),0.00644273+1i*(-0.00120167),-1.33378e-06+1i*(2.46616e-07),-3.46895e-06+1i*(1.16195e-06),1.14351e-06+1i*(4.98225e-06),8.46289e-08+1i*(-0.000220552),
1.50314,-0.00158273+1i*(-0.000789857),0.00449594+1i*(-0.000421679),0.000209386+1i*(-2.30828e-05),-1.002e-05+1i*(2.18101e-06),0.00643976+1i*(-0.00120935),-1.35161e-06+1i*(2.51622e-07),-3.52083e-06+1i*(1.16466e-06),1.16608e-06+1i*(5.01469e-06),8.55663e-08+1i*(-0.000222081),
1.51356,-0.0015727+1i*(-0.000795478),0.00449476+1i*(-0.000422706),0.000209558+1i*(-2.31742e-05),-1.01527e-05+1i*(2.22521e-06),0.00643675+1i*(-0.00121706),-1.36968e-06+1i*(2.56728e-07),-3.57344e-06+1i*(1.16731e-06),1.18896e-06+1i*(5.04725e-06),8.65159e-08+1i*(-0.000223619),
1.52405,-0.00156253+1i*(-0.000801117),0.00449359+1i*(-0.000423747),0.000209733+1i*(-2.32662e-05),-1.02871e-05+1i*(2.27029e-06),0.00643371+1i*(-0.00122482),-1.38797e-06+1i*(2.61935e-07),-3.62677e-06+1i*(1.1699e-06),1.21214e-06+1i*(5.07995e-06),8.74778e-08+1i*(-0.000225169),
1.53462,-0.00155224+1i*(-0.000806773),0.00449241+1i*(-0.000424802),0.000209911+1i*(-2.33588e-05),-1.04231e-05+1i*(2.31626e-06),0.00643062+1i*(-0.00123262),-1.4065e-06+1i*(2.67246e-07),-3.68083e-06+1i*(1.17242e-06),1.23564e-06+1i*(5.11277e-06),8.84521e-08+1i*(-0.000226729),
1.54525,-0.00154181+1i*(-0.000812446),0.00449123+1i*(-0.000425872),0.000210092+1i*(-2.3452e-05),-1.05609e-05+1i*(2.36314e-06),0.0064275+1i*(-0.00124045),-1.42526e-06+1i*(2.72662e-07),-3.73565e-06+1i*(1.17487e-06),1.25946e-06+1i*(5.14572e-06),8.9439e-08+1i*(-0.0002283),
1.55597,-0.00153124+1i*(-0.000818136),0.00449005+1i*(-0.000426956),0.000210276+1i*(-2.35457e-05),-1.07004e-05+1i*(2.41095e-06),0.00642433+1i*(-0.00124833),-1.44426e-06+1i*(2.78185e-07),-3.79122e-06+1i*(1.17726e-06),1.28359e-06+1i*(5.17879e-06),9.04388e-08+1i*(-0.000229882),
1.56675,-0.00152054+1i*(-0.000823842),0.00448886+1i*(-0.000428055),0.000210462+1i*(-2.364e-05),-1.08416e-05+1i*(2.4597e-06),0.00642113+1i*(-0.00125625),-1.46351e-06+1i*(2.83818e-07),-3.84757e-06+1i*(1.17957e-06),1.30804e-06+1i*(5.21198e-06),9.14515e-08+1i*(-0.000231475),
1.57761,-0.0015097+1i*(-0.000829564),0.00448767+1i*(-0.000429169),0.000210652+1i*(-2.37349e-05),-1.09846e-05+1i*(2.50941e-06),0.00641789+1i*(-0.00126421),-1.483e-06+1i*(2.89562e-07),-3.90469e-06+1i*(1.1818e-06),1.33282e-06+1i*(5.2453e-06),9.24774e-08+1i*(-0.000233079),
1.58855,-0.00149871+1i*(-0.000835302),0.00448648+1i*(-0.000430298),0.000210844+1i*(-2.38303e-05),-1.11294e-05+1i*(2.56011e-06),0.00641461+1i*(-0.00127221),-1.50274e-06+1i*(2.9542e-07),-3.9626e-06+1i*(1.18396e-06),1.35794e-06+1i*(5.27875e-06),9.35166e-08+1i*(-0.000234694),
1.59956,-0.00148759+1i*(-0.000841056),0.00448529+1i*(-0.000431442),0.00021104+1i*(-2.39263e-05),-1.12759e-05+1i*(2.6118e-06),0.00641128+1i*(-0.00128025),-1.52273e-06+1i*(3.01394e-07),-4.02131e-06+1i*(1.18604e-06),1.38338e-06+1i*(5.31231e-06),9.45693e-08+1i*(-0.00023632),
1.61065,-0.00147631+1i*(-0.000846825),0.00448409+1i*(-0.000432601),0.000211238+1i*(-2.40229e-05),-1.14243e-05+1i*(2.66452e-06),0.00640792+1i*(-0.00128833),-1.54298e-06+1i*(3.07485e-07),-4.08083e-06+1i*(1.18803e-06),1.40916e-06+1i*(5.346e-06),9.56357e-08+1i*(-0.000237958),
1.62181,-0.00146489+1i*(-0.000852609),0.00448289+1i*(-0.000433774),0.00021144+1i*(-2.412e-05),-1.15745e-05+1i*(2.71827e-06),0.00640451+1i*(-0.00129645),-1.56348e-06+1i*(3.13697e-07),-4.14117e-06+1i*(1.18994e-06),1.43528e-06+1i*(5.3798e-06),9.6716e-08+1i*(-0.000239607),
1.63305,-0.00145332+1i*(-0.000858408),0.00448168+1i*(-0.000434963),0.000211644+1i*(-2.42177e-05),-1.17266e-05+1i*(2.77307e-06),0.00640106+1i*(-0.00130461),-1.58424e-06+1i*(3.20031e-07),-4.20234e-06+1i*(1.19176e-06),1.46174e-06+1i*(5.41372e-06),9.78103e-08+1i*(-0.000241267),
1.64437,-0.0014416+1i*(-0.000864221),0.00448047+1i*(-0.000436168),0.000211852+1i*(-2.4316e-05),-1.18806e-05+1i*(2.82896e-06),0.00639757+1i*(-0.00131282),-1.60526e-06+1i*(3.2649e-07),-4.26435e-06+1i*(1.19349e-06),1.48856e-06+1i*(5.44777e-06),9.89188e-08+1i*(-0.000242939),
1.65577,-0.00142973+1i*(-0.000870048),0.00447926+1i*(-0.000437387),0.000212063+1i*(-2.44148e-05),-1.20365e-05+1i*(2.88594e-06),0.00639403+1i*(-0.00132106),-1.62655e-06+1i*(3.33076e-07),-4.32722e-06+1i*(1.19512e-06),1.51572e-06+1i*(5.48192e-06),1.00042e-07+1i*(-0.000244622),
1.66725,-0.0014177+1i*(-0.000875888),0.00447804+1i*(-0.000438622),0.000212277+1i*(-2.45141e-05),-1.21942e-05+1i*(2.94404e-06),0.00639045+1i*(-0.00132934),-1.64811e-06+1i*(3.39791e-07),-4.39095e-06+1i*(1.19666e-06),1.54324e-06+1i*(5.51619e-06),1.01179e-07+1i*(-0.000246317),
1.6788,-0.00140551+1i*(-0.000881742),0.00447682+1i*(-0.000439873),0.000212495+1i*(-2.4614e-05),-1.2354e-05+1i*(3.00327e-06),0.00638683+1i*(-0.00133767),-1.66994e-06+1i*(3.46639e-07),-4.45556e-06+1i*(1.19809e-06),1.57112e-06+1i*(5.55058e-06),1.02332e-07+1i*(-0.000248023),
1.69044,-0.00139316+1i*(-0.000887609),0.00447559+1i*(-0.000441139),0.000212715+1i*(-2.47144e-05),-1.25156e-05+1i*(3.06367e-06),0.00638316+1i*(-0.00134603),-1.69204e-06+1i*(3.53621e-07),-4.52106e-06+1i*(1.19943e-06),1.59936e-06+1i*(5.58508e-06),1.03499e-07+1i*(-0.000249742),
1.70216,-0.00138064+1i*(-0.000893489),0.00447436+1i*(-0.000442421),0.00021294+1i*(-2.48154e-05),-1.26793e-05+1i*(3.12525e-06),0.00637945+1i*(-0.00135444),-1.71442e-06+1i*(3.60739e-07),-4.58746e-06+1i*(1.20065e-06),1.62797e-06+1i*(5.61969e-06),1.04682e-07+1i*(-0.000251472),
1.71396,-0.00136797+1i*(-0.00089938),0.00447313+1i*(-0.000443718),0.000213167+1i*(-2.49168e-05),-1.2845e-05+1i*(3.18803e-06),0.00637569+1i*(-0.00136288),-1.73708e-06+1i*(3.67998e-07),-4.65477e-06+1i*(1.20177e-06),1.65695e-06+1i*(5.65441e-06),1.0588e-07+1i*(-0.000253215),
1.72584,-0.00135512+1i*(-0.000905284),0.00447189+1i*(-0.000445032),0.000213398+1i*(-2.50188e-05),-1.30127e-05+1i*(3.25203e-06),0.00637188+1i*(-0.00137137),-1.76003e-06+1i*(3.75398e-07),-4.72301e-06+1i*(1.20278e-06),1.6863e-06+1i*(5.68923e-06),1.07093e-07+1i*(-0.000254969),
1.7378,-0.00134211+1i*(-0.000911199),0.00447064+1i*(-0.000446361),0.000213632+1i*(-2.51213e-05),-1.31824e-05+1i*(3.31729e-06),0.00636803+1i*(-0.00137989),-1.78326e-06+1i*(3.82943e-07),-4.79218e-06+1i*(1.20366e-06),1.71604e-06+1i*(5.72417e-06),1.08322e-07+1i*(-0.000256736),
1.74985,-0.00132893+1i*(-0.000917124),0.00446939+1i*(-0.000447706),0.00021387+1i*(-2.52243e-05),-1.33542e-05+1i*(3.38381e-06),0.00636413+1i*(-0.00138846),-1.80679e-06+1i*(3.90636e-07),-4.8623e-06+1i*(1.20443e-06),1.74615e-06+1i*(5.75921e-06),1.09568e-07+1i*(-0.000258514),
1.76198,-0.00131557+1i*(-0.00092306),0.00446814+1i*(-0.000449067),0.000214112+1i*(-2.53278e-05),-1.35281e-05+1i*(3.45163e-06),0.00636019+1i*(-0.00139707),-1.8306e-06+1i*(3.98479e-07),-4.93338e-06+1i*(1.20508e-06),1.77666e-06+1i*(5.79435e-06),1.10829e-07+1i*(-0.000260305),
1.77419,-0.00130203+1i*(-0.000929006),0.00446688+1i*(-0.000450444),0.000214357+1i*(-2.54319e-05),-1.3704e-05+1i*(3.52077e-06),0.00635619+1i*(-0.00140571),-1.85472e-06+1i*(4.06474e-07),-5.00543e-06+1i*(1.2056e-06),1.80755e-06+1i*(5.8296e-06),1.12107e-07+1i*(-0.000262109),
1.78649,-0.00128832+1i*(-0.000934962),0.00446561+1i*(-0.000451837),0.000214606+1i*(-2.55364e-05),-1.38822e-05+1i*(3.59126e-06),0.00635215+1i*(-0.0014144),-1.87913e-06+1i*(4.14626e-07),-5.07847e-06+1i*(1.20598e-06),1.83884e-06+1i*(5.86494e-06),1.13402e-07+1i*(-0.000263925),
1.79887,-0.00127442+1i*(-0.000940927),0.00446433+1i*(-0.000453247),0.000214858+1i*(-2.56413e-05),-1.40624e-05+1i*(3.66311e-06),0.00634806+1i*(-0.00142313),-1.90385e-06+1i*(4.22936e-07),-5.15252e-06+1i*(1.20624e-06),1.87053e-06+1i*(5.90039e-06),1.14714e-07+1i*(-0.000265753),
1.81134,-0.00126034+1i*(-0.0009469),0.00446305+1i*(-0.000454672),0.000215114+1i*(-2.57468e-05),-1.42449e-05+1i*(3.73635e-06),0.00634392+1i*(-0.00143189),-1.92887e-06+1i*(4.31408e-07),-5.22757e-06+1i*(1.20635e-06),1.90262e-06+1i*(5.93593e-06),1.16042e-07+1i*(-0.000267595),
1.8239,-0.00124608+1i*(-0.000952882),0.00446177+1i*(-0.000456114),0.000215374+1i*(-2.58527e-05),-1.44295e-05+1i*(3.81102e-06),0.00633973+1i*(-0.0014407),-1.95421e-06+1i*(4.40045e-07),-5.30365e-06+1i*(1.20632e-06),1.93512e-06+1i*(5.97157e-06),1.17388e-07+1i*(-0.000269449),
1.83654,-0.00123163+1i*(-0.000958871),0.00446048+1i*(-0.000457573),0.000215638+1i*(-2.59591e-05),-1.46163e-05+1i*(3.88712e-06),0.00633549+1i*(-0.00144954),-1.97985e-06+1i*(4.48849e-07),-5.38078e-06+1i*(1.20615e-06),1.96803e-06+1i*(6.00731e-06),1.18751e-07+1i*(-0.000271315),
1.84927,-0.00121698+1i*(-0.000964867),0.00445918+1i*(-0.000459048),0.000215906+1i*(-2.6066e-05),-1.48054e-05+1i*(3.9647e-06),0.00633119+1i*(-0.00145843),-2.00582e-06+1i*(4.57824e-07),-5.45895e-06+1i*(1.20583e-06),2.00135e-06+1i*(6.04313e-06),1.20132e-07+1i*(-0.000273195),
1.86209,-0.00120214+1i*(-0.000970869),0.00445787+1i*(-0.000460539),0.000216177+1i*(-2.61733e-05),-1.49967e-05+1i*(4.04378e-06),0.00632685+1i*(-0.00146736),-2.0321e-06+1i*(4.66973e-07),-5.53819e-06+1i*(1.20535e-06),2.0351e-06+1i*(6.07905e-06),1.21532e-07+1i*(-0.000275088),
1.87499,-0.00118711+1i*(-0.000976877),0.00445656+1i*(-0.000462047),0.000216453+1i*(-2.6281e-05),-1.51904e-05+1i*(4.12438e-06),0.00632245+1i*(-0.00147632),-2.05871e-06+1i*(4.76298e-07),-5.61852e-06+1i*(1.20471e-06),2.06927e-06+1i*(6.11505e-06),1.22949e-07+1i*(-0.000276993),
1.88799,-0.00117187+1i*(-0.000982891),0.00445524+1i*(-0.000463572),0.000216732+1i*(-2.63891e-05),-1.53863e-05+1i*(4.20653e-06),0.00631801+1i*(-0.00148532),-2.08564e-06+1i*(4.85804e-07),-5.69994e-06+1i*(1.20391e-06),2.10387e-06+1i*(6.15114e-06),1.24385e-07+1i*(-0.000278912),
1.90108,-0.00115644+1i*(-0.000988909),0.00445391+1i*(-0.000465113),0.000217016+1i*(-2.64977e-05),-1.55845e-05+1i*(4.29027e-06),0.0063135+1i*(-0.00149437),-2.11291e-06+1i*(4.95494e-07),-5.78247e-06+1i*(1.20294e-06),2.1389e-06+1i*(6.18731e-06),1.25839e-07+1i*(-0.000280845),
1.91426,-0.0011408+1i*(-0.000994931),0.00445257+1i*(-0.000466672),0.000217304+1i*(-2.66067e-05),-1.57851e-05+1i*(4.37561e-06),0.00630895+1i*(-0.00150345),-2.1405e-06+1i*(5.05371e-07),-5.86612e-06+1i*(1.2018e-06),2.17437e-06+1i*(6.22356e-06),1.27312e-07+1i*(-0.00028279),
1.92752,-0.00112495+1i*(-0.00100096),0.00445123+1i*(-0.000468247),0.000217596+1i*(-2.67161e-05),-1.59881e-05+1i*(4.4626e-06),0.00630434+1i*(-0.00151257),-2.16844e-06+1i*(5.15438e-07),-5.95092e-06+1i*(1.20048e-06),2.21028e-06+1i*(6.2599e-06),1.28805e-07+1i*(-0.000284749),
1.94089,-0.00110889+1i*(-0.00100699),0.00444988+1i*(-0.000469839),0.000217892+1i*(-2.68259e-05),-1.61934e-05+1i*(4.55125e-06),0.00629968+1i*(-0.00152173),-2.19671e-06+1i*(5.25699e-07),-6.03687e-06+1i*(1.19898e-06),2.24664e-06+1i*(6.29631e-06),1.30317e-07+1i*(-0.000286722),
1.95434,-0.00109262+1i*(-0.00101302),0.00444852+1i*(-0.000471448),0.000218192+1i*(-2.6936e-05),-1.64012e-05+1i*(4.6416e-06),0.00629496+1i*(-0.00153093),-2.22534e-06+1i*(5.36157e-07),-6.12399e-06+1i*(1.19729e-06),2.28345e-06+1i*(6.3328e-06),1.31848e-07+1i*(-0.000288708),
1.96789,-0.00107613+1i*(-0.00101905),0.00444715+1i*(-0.000473073),0.000218497+1i*(-2.70465e-05),-1.66114e-05+1i*(4.73368e-06),0.00629018+1i*(-0.00154016),-2.2543e-06+1i*(5.46816e-07),-6.21229e-06+1i*(1.19542e-06),2.32072e-06+1i*(6.36936e-06),1.33399e-07+1i*(-0.000290708),
1.98153,-0.00105943+1i*(-0.00102508),0.00444577+1i*(-0.000474717),0.000218806+1i*(-2.71574e-05),-1.68241e-05+1i*(4.82752e-06),0.00628535+1i*(-0.00154944),-2.28362e-06+1i*(5.57679e-07),-6.3018e-06+1i*(1.19334e-06),2.35844e-06+1i*(6.40599e-06),1.34971e-07+1i*(-0.000292722),
1.99526,-0.0010425+1i*(-0.00103111),0.00444439+1i*(-0.000476377),0.00021912+1i*(-2.72687e-05),-1.70392e-05+1i*(4.92314e-06),0.00628046+1i*(-0.00155875),-2.3133e-06+1i*(5.6875e-07),-6.39252e-06+1i*(1.19106e-06),2.39663e-06+1i*(6.44268e-06),1.36563e-07+1i*(-0.00029475),
2.00909,-0.00102535+1i*(-0.00103715),0.00444299+1i*(-0.000478054),0.000219438+1i*(-2.73802e-05),-1.72569e-05+1i*(5.0206e-06),0.00627552+1i*(-0.0015681),-2.34333e-06+1i*(5.80034e-07),-6.48448e-06+1i*(1.18858e-06),2.43529e-06+1i*(6.47944e-06),1.38175e-07+1i*(-0.000296792),
2.02302,-0.00100797+1i*(-0.00104318),0.00444159+1i*(-0.000479749),0.000219761+1i*(-2.74921e-05),-1.74771e-05+1i*(5.1199e-06),0.00627052+1i*(-0.00157749),-2.37373e-06+1i*(5.91533e-07),-6.57768e-06+1i*(1.18588e-06),2.47442e-06+1i*(6.51627e-06),1.39809e-07+1i*(-0.000298848),
2.03704,-0.000990355+1i*(-0.0010492),0.00444018+1i*(-0.000481461),0.000220088+1i*(-2.76043e-05),-1.76998e-05+1i*(5.2211e-06),0.00626546+1i*(-0.00158692),-2.40449e-06+1i*(6.03252e-07),-6.67215e-06+1i*(1.18296e-06),2.51403e-06+1i*(6.55315e-06),1.41464e-07+1i*(-0.000300918),
2.05116,-0.00097251+1i*(-0.00105523),0.00443875+1i*(-0.00048319),0.00022042+1i*(-2.77168e-05),-1.79251e-05+1i*(5.32422e-06),0.00626034+1i*(-0.00159638),-2.43562e-06+1i*(6.15194e-07),-6.7679e-06+1i*(1.17982e-06),2.55412e-06+1i*(6.5901e-06),1.4314e-07+1i*(-0.000303002),
2.06538,-0.000954428+1i*(-0.00106125),0.00443732+1i*(-0.000484937),0.000220756+1i*(-2.78296e-05),-1.8153e-05+1i*(5.42929e-06),0.00625516+1i*(-0.00160588),-2.46713e-06+1i*(6.27364e-07),-6.86494e-06+1i*(1.17645e-06),2.5947e-06+1i*(6.62709e-06),1.44838e-07+1i*(-0.000305101),
2.0797,-0.000936107+1i*(-0.00106727),0.00443588+1i*(-0.000486701),0.000221098+1i*(-2.79426e-05),-1.83835e-05+1i*(5.53635e-06),0.00624992+1i*(-0.00161541),-2.49901e-06+1i*(6.39765e-07),-6.9633e-06+1i*(1.17284e-06),2.63577e-06+1i*(6.66414e-06),1.46557e-07+1i*(-0.000307215),
2.09411,-0.000917542+1i*(-0.00107328),0.00443443+1i*(-0.000488483),0.000221444+1i*(-2.80559e-05),-1.86167e-05+1i*(5.64544e-06),0.00624462+1i*(-0.00162499),-2.53128e-06+1i*(6.52402e-07),-7.063e-06+1i*(1.16899e-06),2.67734e-06+1i*(6.70124e-06),1.48299e-07+1i*(-0.000309343),
2.10863,-0.00089873+1i*(-0.00107928),0.00443297+1i*(-0.000490282),0.000221795+1i*(-2.81695e-05),-1.88525e-05+1i*(5.75659e-06),0.00623926+1i*(-0.0016346),-2.56393e-06+1i*(6.65278e-07),-7.16404e-06+1i*(1.1649e-06),2.71941e-06+1i*(6.73838e-06),1.50064e-07+1i*(-0.000311486),
2.12324,-0.000879668+1i*(-0.00108528),0.00443149+1i*(-0.000492099),0.000222151+1i*(-2.82833e-05),-1.90911e-05+1i*(5.86984e-06),0.00623384+1i*(-0.00164424),-2.59696e-06+1i*(6.78399e-07),-7.26645e-06+1i*(1.16054e-06),2.76199e-06+1i*(6.77557e-06),1.51851e-07+1i*(-0.000313643),
2.13796,-0.000860354+1i*(-0.00109126),0.00443001+1i*(-0.000493934),0.000222513+1i*(-2.83973e-05),-1.93323e-05+1i*(5.98522e-06),0.00622835+1i*(-0.00165392),-2.63039e-06+1i*(6.91768e-07),-7.37024e-06+1i*(1.15593e-06),2.80508e-06+1i*(6.81279e-06),1.53662e-07+1i*(-0.000315816),
2.15278,-0.000840782+1i*(-0.00109724),0.00442852+1i*(-0.000495786),0.000222879+1i*(-2.85115e-05),-1.95763e-05+1i*(6.10277e-06),0.00622281+1i*(-0.00166364),-2.66422e-06+1i*(7.05389e-07),-7.47544e-06+1i*(1.15105e-06),2.84868e-06+1i*(6.85005e-06),1.55496e-07+1i*(-0.000318003),
2.1677,-0.000820951+1i*(-0.00110321),0.00442701+1i*(-0.000497657),0.00022325+1i*(-2.86258e-05),-1.9823e-05+1i*(6.22253e-06),0.0062172+1i*(-0.00167339),-2.69845e-06+1i*(7.19268e-07),-7.58206e-06+1i*(1.14589e-06),2.89281e-06+1i*(6.88735e-06),1.57353e-07+1i*(-0.000320206),
2.18273,-0.000800857+1i*(-0.00110917),0.00442549+1i*(-0.000499545),0.000223627+1i*(-2.87404e-05),-2.00725e-05+1i*(6.34453e-06),0.00621153+1i*(-0.00168318),-2.73308e-06+1i*(7.33408e-07),-7.69012e-06+1i*(1.14046e-06),2.93746e-06+1i*(6.92467e-06),1.59235e-07+1i*(-0.000322424),
2.19786,-0.000780495+1i*(-0.00111511),0.00442397+1i*(-0.000501451),0.000224009+1i*(-2.8855e-05),-2.03248e-05+1i*(6.46882e-06),0.00620579+1i*(-0.001693),-2.76812e-06+1i*(7.47815e-07),-7.79963e-06+1i*(1.13473e-06),2.98264e-06+1i*(6.96202e-06),1.6114e-07+1i*(-0.000324657),
2.21309,-0.000759863+1i*(-0.00112104),0.00442243+1i*(-0.000503375),0.000224396+1i*(-2.89698e-05),-2.058e-05+1i*(6.59544e-06),0.00619999+1i*(-0.00170286),-2.80357e-06+1i*(7.62492e-07),-7.91062e-06+1i*(1.12871e-06),3.02835e-06+1i*(6.9994e-06),1.63071e-07+1i*(-0.000326906),
2.22844,-0.000738958+1i*(-0.00112696),0.00442087+1i*(-0.000505317),0.000224789+1i*(-2.90848e-05),-2.08379e-05+1i*(6.72442e-06),0.00619412+1i*(-0.00171275),-2.83943e-06+1i*(7.77445e-07),-8.02311e-06+1i*(1.12238e-06),3.07461e-06+1i*(7.03679e-06),1.65026e-07+1i*(-0.00032917),
2.24388,-0.000717774+1i*(-0.00113286),0.00441931+1i*(-0.000507277),0.000225187+1i*(-2.91998e-05),-2.10988e-05+1i*(6.8558e-06),0.00618819+1i*(-0.00172267),-2.87572e-06+1i*(7.92678e-07),-8.13711e-06+1i*(1.11575e-06),3.12141e-06+1i*(7.0742e-06),1.67006e-07+1i*(-0.00033145),
2.25944,-0.00069631+1i*(-0.00113874),0.00441774+1i*(-0.000509255),0.000225591+1i*(-2.93149e-05),-2.13626e-05+1i*(6.98963e-06),0.00618219+1i*(-0.00173263),-2.91243e-06+1i*(8.08196e-07),-8.25265e-06+1i*(1.1088e-06),3.16876e-06+1i*(7.11162e-06),1.69012e-07+1i*(-0.000333745),
2.2751,-0.000674561+1i*(-0.00114461),0.00441615+1i*(-0.000511251),0.000226+1i*(-2.943e-05),-2.16292e-05+1i*(7.12595e-06),0.00617612+1i*(-0.00174262),-2.94956e-06+1i*(8.24005e-07),-8.36974e-06+1i*(1.10152e-06),3.21667e-06+1i*(7.14905e-06),1.71043e-07+1i*(-0.000336057),
2.29087,-0.000652523+1i*(-0.00115045),0.00441455+1i*(-0.000513265),0.000226415+1i*(-2.95452e-05),-2.18989e-05+1i*(7.2648e-06),0.00616999+1i*(-0.00175264),-2.98713e-06+1i*(8.40108e-07),-8.48841e-06+1i*(1.0939e-06),3.26513e-06+1i*(7.18648e-06),1.73101e-07+1i*(-0.000338384),
2.30675,-0.000630192+1i*(-0.00115628),0.00441293+1i*(-0.000515298),0.000226836+1i*(-2.96604e-05),-2.21714e-05+1i*(7.40623e-06),0.00616378+1i*(-0.00176269),-3.02513e-06+1i*(8.56511e-07),-8.60867e-06+1i*(1.08595e-06),3.31416e-06+1i*(7.22392e-06),1.75185e-07+1i*(-0.000340728),
2.32274,-0.000607565+1i*(-0.00116208),0.00441131+1i*(-0.000517349),0.000227262+1i*(-2.97756e-05),-2.2447e-05+1i*(7.55027e-06),0.00615751+1i*(-0.00177278),-3.06358e-06+1i*(8.7322e-07),-8.73055e-06+1i*(1.07764e-06),3.36376e-06+1i*(7.26135e-06),1.77295e-07+1i*(-0.000343088),
2.33884,-0.000584639+1i*(-0.00116786),0.00440967+1i*(-0.000519418),0.000227695+1i*(-2.98907e-05),-2.27256e-05+1i*(7.69697e-06),0.00615117+1i*(-0.0017829),-3.10246e-06+1i*(8.90239e-07),-8.85406e-06+1i*(1.06898e-06),3.41393e-06+1i*(7.29878e-06),1.79433e-07+1i*(-0.000345464),
2.35505,-0.000561408+1i*(-0.00117362),0.00440801+1i*(-0.000521506),0.000228134+1i*(-3.00058e-05),-2.30072e-05+1i*(7.84638e-06),0.00614476+1i*(-0.00179305),-3.1418e-06+1i*(9.07574e-07),-8.97923e-06+1i*(1.05994e-06),3.46469e-06+1i*(7.33619e-06),1.81598e-07+1i*(-0.000347856),
2.37137,-0.000537869+1i*(-0.00117935),0.00440635+1i*(-0.000523612),0.000228578+1i*(-3.01209e-05),-2.32919e-05+1i*(7.99853e-06),0.00613829+1i*(-0.00180323),-3.18158e-06+1i*(9.25229e-07),-9.10608e-06+1i*(1.05054e-06),3.51602e-06+1i*(7.37359e-06),1.83791e-07+1i*(-0.000350265),
2.38781,-0.000514018+1i*(-0.00118505),0.00440467+1i*(-0.000525737),0.000229029+1i*(-3.02358e-05),-2.35796e-05+1i*(8.15349e-06),0.00613174+1i*(-0.00181344),-3.22182e-06+1i*(9.43212e-07),-9.23463e-06+1i*(1.04074e-06),3.56795e-06+1i*(7.41096e-06),1.86012e-07+1i*(-0.000352691),
2.40436,-0.000489851+1i*(-0.00119073),0.00440297+1i*(-0.00052788),0.000229486+1i*(-3.03506e-05),-2.38704e-05+1i*(8.31129e-06),0.00612511+1i*(-0.00182368),-3.26252e-06+1i*(9.61526e-07),-9.3649e-06+1i*(1.03055e-06),3.62047e-06+1i*(7.44831e-06),1.88261e-07+1i*(-0.000355134),
2.42103,-0.000465364+1i*(-0.00119637),0.00440126+1i*(-0.000530041),0.000229949+1i*(-3.04653e-05),-2.41644e-05+1i*(8.47198e-06),0.00611842+1i*(-0.00183395),-3.30368e-06+1i*(9.80178e-07),-9.49691e-06+1i*(1.01996e-06),3.67359e-06+1i*(7.48564e-06),1.90539e-07+1i*(-0.000357593),
2.43781,-0.000440552+1i*(-0.00120198),0.00439954+1i*(-0.000532222),0.000230418+1i*(-3.05798e-05),-2.44615e-05+1i*(8.6356e-06),0.00611166+1i*(-0.00184424),-3.34531e-06+1i*(9.99172e-07),-9.63069e-06+1i*(1.00895e-06),3.72732e-06+1i*(7.52293e-06),1.92846e-07+1i*(-0.000360069),
2.45471,-0.000415412+1i*(-0.00120756),0.0043978+1i*(-0.000534421),0.000230894+1i*(-3.06941e-05),-2.47617e-05+1i*(8.80222e-06),0.00610482+1i*(-0.00185457),-3.38742e-06+1i*(1.01852e-06),-9.76626e-06+1i*(9.9752e-07),3.78165e-06+1i*(7.56018e-06),1.95182e-07+1i*(-0.000362563),
2.47172,-0.000389939+1i*(-0.00121311),0.00439605+1i*(-0.000536638),0.000231377+1i*(-3.08082e-05),-2.50652e-05+1i*(8.97187e-06),0.00609791+1i*(-0.00186493),-3.43e-06+1i*(1.03822e-06),-9.90364e-06+1i*(9.85655e-07),3.8366e-06+1i*(7.59739e-06),1.97548e-07+1i*(-0.000365074),
2.48886,-0.000364129+1i*(-0.00121862),0.00439428+1i*(-0.000538875),0.000231866+1i*(-3.09221e-05),-2.53718e-05+1i*(9.14461e-06),0.00609092+1i*(-0.00187531),-3.47305e-06+1i*(1.05827e-06),-1.00429e-05+1i*(9.73346e-07),3.89217e-06+1i*(7.63456e-06),1.99944e-07+1i*(-0.000367602),
2.50611,-0.000337978+1i*(-0.00122409),0.00439249+1i*(-0.00054113),0.000232362+1i*(-3.10356e-05),-2.56817e-05+1i*(9.32048e-06),0.00608386+1i*(-0.00188572),-3.5166e-06+1i*(1.0787e-06),-1.01839e-05+1i*(9.60584e-07),3.94836e-06+1i*(7.67167e-06),2.0237e-07+1i*(-0.000370147),
2.52348,-0.000311481+1i*(-0.00122952),0.00439069+1i*(-0.000543404),0.000232864+1i*(-3.11489e-05),-2.59948e-05+1i*(9.49954e-06),0.00607673+1i*(-0.00189615),-3.56063e-06+1i*(1.0995e-06),-1.03269e-05+1i*(9.47356e-07),4.00518e-06+1i*(7.70872e-06),2.04827e-07+1i*(-0.00037271),
2.54097,-0.000284633+1i*(-0.00123491),0.00438888+1i*(-0.000545697),0.000233374+1i*(-3.12618e-05),-2.63112e-05+1i*(9.68184e-06),0.00606952+1i*(-0.00190662),-3.60515e-06+1i*(1.12068e-06),-1.04717e-05+1i*(9.33652e-07),4.06264e-06+1i*(7.74571e-06),2.07316e-07+1i*(-0.000375291),
2.55859,-0.000257431+1i*(-0.00124026),0.00438705+1i*(-0.000548009),0.00023389+1i*(-3.13743e-05),-2.66309e-05+1i*(9.86743e-06),0.00606224+1i*(-0.0019171),-3.65017e-06+1i*(1.14224e-06),-1.06185e-05+1i*(9.19461e-07),4.12073e-06+1i*(7.78263e-06),2.09836e-07+1i*(-0.00037789),
2.57632,-0.000229869+1i*(-0.00124556),0.0043852+1i*(-0.000550339),0.000234414+1i*(-3.14865e-05),-2.69539e-05+1i*(1.00564e-05),0.00605488+1i*(-0.00192762),-3.69568e-06+1i*(1.16419e-06),-1.07673e-05+1i*(9.04772e-07),4.17947e-06+1i*(7.81949e-06),2.12387e-07+1i*(-0.000380506),
2.59418,-0.000201943+1i*(-0.00125081),0.00438334+1i*(-0.000552689),0.000234944+1i*(-3.15982e-05),-2.72802e-05+1i*(1.02487e-05),0.00604744+1i*(-0.00193815),-3.74171e-06+1i*(1.18654e-06),-1.0918e-05+1i*(8.89574e-07),4.23886e-06+1i*(7.85626e-06),2.14971e-07+1i*(-0.000383141),
2.61216,-0.000173649+1i*(-0.00125602),0.00438146+1i*(-0.000555058),0.000235482+1i*(-3.17095e-05),-2.76099e-05+1i*(1.04445e-05),0.00603992+1i*(-0.00194872),-3.78824e-06+1i*(1.2093e-06),-1.10707e-05+1i*(8.73853e-07),4.2989e-06+1i*(7.89295e-06),2.17588e-07+1i*(-0.000385794),
2.63027,-0.000144981+1i*(-0.00126118),0.00437956+1i*(-0.000557446),0.000236027+1i*(-3.18203e-05),-2.79429e-05+1i*(1.06438e-05),0.00603233+1i*(-0.0019593),-3.83528e-06+1i*(1.23247e-06),-1.12254e-05+1i*(8.57599e-07),4.35961e-06+1i*(7.92955e-06),2.20237e-07+1i*(-0.000388465),
2.6485,-0.000115936+1i*(-0.00126628),0.00437765+1i*(-0.000559853),0.000236579+1i*(-3.19306e-05),-2.82794e-05+1i*(1.08466e-05),0.00602466+1i*(-0.00196991),-3.88284e-06+1i*(1.25605e-06),-1.13822e-05+1i*(8.40799e-07),4.42097e-06+1i*(7.96606e-06),2.2292e-07+1i*(-0.000391155),
2.66686,-8.6507e-05+1i*(-0.00127133),0.00437572+1i*(-0.000562279),0.000237139+1i*(-3.20403e-05),-2.86192e-05+1i*(1.10531e-05),0.00601691+1i*(-0.00198054),-3.93092e-06+1i*(1.28006e-06),-1.15411e-05+1i*(8.23441e-07),4.48301e-06+1i*(8.00247e-06),2.25637e-07+1i*(-0.000393863),
2.68534,-5.66906e-05+1i*(-0.00127632),0.00437377+1i*(-0.000564725),0.000237706+1i*(-3.21494e-05),-2.89625e-05+1i*(1.12632e-05),0.00600908+1i*(-0.00199119),-3.97953e-06+1i*(1.30449e-06),-1.17021e-05+1i*(8.05512e-07),4.54572e-06+1i*(8.03877e-06),2.28388e-07+1i*(-0.00039659),
2.70396,-2.64815e-05+1i*(-0.00128125),0.0043718+1i*(-0.00056719),0.000238281+1i*(-3.22579e-05),-2.93092e-05+1i*(1.14771e-05),0.00600117+1i*(-0.00200186),-4.02866e-06+1i*(1.32937e-06),-1.18652e-05+1i*(7.86998e-07),4.6091e-06+1i*(8.07496e-06),2.31173e-07+1i*(-0.000399336),
2.7227,4.12529e-06+1i*(-0.00128613),0.00436982+1i*(-0.000569674),0.000238864+1i*(-3.23657e-05),-2.96593e-05+1i*(1.16948e-05),0.00599318+1i*(-0.00201256),-4.07833e-06+1i*(1.35469e-06),-1.20305e-05+1i*(7.67887e-07),4.67318e-06+1i*(8.11104e-06),2.33993e-07+1i*(-0.000402101),
2.74157,3.51348e-05+1i*(-0.00129094),0.00436781+1i*(-0.000572177),0.000239455+1i*(-3.24728e-05),-3.0013e-05+1i*(1.19163e-05),0.00598512+1i*(-0.00202327),-4.12853e-06+1i*(1.38046e-06),-1.2198e-05+1i*(7.48165e-07),4.73794e-06+1i*(8.14699e-06),2.36848e-07+1i*(-0.000404885),
2.76058,6.65521e-05+1i*(-0.00129568),0.00436579+1i*(-0.0005747),0.000240053+1i*(-3.25792e-05),-3.03701e-05+1i*(1.21418e-05),0.00597697+1i*(-0.002034),-4.17927e-06+1i*(1.40669e-06),-1.23677e-05+1i*(7.27818e-07),4.80339e-06+1i*(8.18281e-06),2.39739e-07+1i*(-0.000407688),
2.77971,9.83824e-05+1i*(-0.00130036),0.00436376+1i*(-0.000577242),0.00024066+1i*(-3.26848e-05),-3.07308e-05+1i*(1.23712e-05),0.00596873+1i*(-0.00204475),-4.23056e-06+1i*(1.43339e-06),-1.25396e-05+1i*(7.06832e-07),4.86954e-06+1i*(8.2185e-06),2.42667e-07+1i*(-0.00041051),
2.79898,0.000130631+1i*(-0.00130497),0.0043617+1i*(-0.000579804),0.000241274+1i*(-3.27896e-05),-3.1095e-05+1i*(1.26046e-05),0.00596042+1i*(-0.00205552),-4.2824e-06+1i*(1.46056e-06),-1.27138e-05+1i*(6.85193e-07),4.9364e-06+1i*(8.25404e-06),2.4563e-07+1i*(-0.000413352),
2.81838,0.000163303+1i*(-0.0013095),0.00435962+1i*(-0.000582386),0.000241897+1i*(-3.28935e-05),-3.14628e-05+1i*(1.28422e-05),0.00595203+1i*(-0.0020663),-4.33479e-06+1i*(1.48821e-06),-1.28903e-05+1i*(6.62886e-07),5.00396e-06+1i*(8.28944e-06),2.48631e-07+1i*(-0.000416214),
2.83792,0.000196403+1i*(-0.00131396),0.00435753+1i*(-0.000584987),0.000242529+1i*(-3.29965e-05),-3.18341e-05+1i*(1.30838e-05),0.00594355+1i*(-0.00207711),-4.38774e-06+1i*(1.51635e-06),-1.30691e-05+1i*(6.39896e-07),5.07224e-06+1i*(8.32469e-06),2.51669e-07+1i*(-0.000419095),
2.85759,0.000229938+1i*(-0.00131835),0.00435541+1i*(-0.000587607),0.000243168+1i*(-3.30986e-05),-3.2209e-05+1i*(1.33298e-05),0.00593499+1i*(-0.00208792),-4.44125e-06+1i*(1.54499e-06),-1.32502e-05+1i*(6.16207e-07),5.14123e-06+1i*(8.35977e-06),2.54745e-07+1i*(-0.000421996),
2.8774,0.000263912+1i*(-0.00132265),0.00435328+1i*(-0.000590247),0.000243817+1i*(-3.31996e-05),-3.25875e-05+1i*(1.358e-05),0.00592634+1i*(-0.00209875),-4.49532e-06+1i*(1.57413e-06),-1.34338e-05+1i*(5.91805e-07),5.21095e-06+1i*(8.39468e-06),2.57858e-07+1i*(-0.000424917),
2.89734,0.000298332+1i*(-0.00132687),0.00435112+1i*(-0.000592907),0.000244474+1i*(-3.32997e-05),-3.29696e-05+1i*(1.38345e-05),0.00591761+1i*(-0.0021096),-4.54997e-06+1i*(1.60378e-06),-1.36197e-05+1i*(5.66672e-07),5.28139e-06+1i*(8.42943e-06),2.61011e-07+1i*(-0.000427859),
2.91743,0.000333202+1i*(-0.001331),0.00434895+1i*(-0.000595587),0.000245139+1i*(-3.33986e-05),-3.33553e-05+1i*(1.40934e-05),0.0059088+1i*(-0.00212046),-4.60518e-06+1i*(1.63394e-06),-1.38082e-05+1i*(5.40794e-07),5.35256e-06+1i*(8.46399e-06),2.64202e-07+1i*(-0.00043082),
2.93765,0.000368528+1i*(-0.00133505),0.00434675+1i*(-0.000598287),0.000245814+1i*(-3.34964e-05),-3.37447e-05+1i*(1.43569e-05),0.00589991+1i*(-0.00213134),-4.66097e-06+1i*(1.66464e-06),-1.3999e-05+1i*(5.14154e-07),5.42447e-06+1i*(8.49836e-06),2.67433e-07+1i*(-0.000433803),
2.95801,0.000404316+1i*(-0.00133901),0.00434454+1i*(-0.000601006),0.000246497+1i*(-3.35931e-05),-3.41377e-05+1i*(1.46249e-05),0.00589092+1i*(-0.00214222),-4.71735e-06+1i*(1.69587e-06),-1.41924e-05+1i*(4.86734e-07),5.49712e-06+1i*(8.53254e-06),2.70703e-07+1i*(-0.000436805),
2.97852,0.000440572+1i*(-0.00134287),0.0043423+1i*(-0.000603746),0.00024719+1i*(-3.36885e-05),-3.45344e-05+1i*(1.48974e-05),0.00588186+1i*(-0.00215312),-4.7743e-06+1i*(1.72764e-06),-1.43883e-05+1i*(4.58518e-07),5.57052e-06+1i*(8.56652e-06),2.74014e-07+1i*(-0.000439829),
2.99916,0.000477301+1i*(-0.00134664),0.00434005+1i*(-0.000606505),0.000247891+1i*(-3.37827e-05),-3.49347e-05+1i*(1.51747e-05),0.0058727+1i*(-0.00216402),-4.83185e-06+1i*(1.75997e-06),-1.45868e-05+1i*(4.29488e-07),5.64466e-06+1i*(8.60029e-06),2.77365e-07+1i*(-0.000442873),
3.01995,0.000514509+1i*(-0.00135031),0.00433777+1i*(-0.000609284),0.000248602+1i*(-3.38755e-05),-3.53388e-05+1i*(1.54567e-05),0.00586346+1i*(-0.00217494),-4.88999e-06+1i*(1.79285e-06),-1.47879e-05+1i*(3.99626e-07),5.71956e-06+1i*(8.63384e-06),2.80758e-07+1i*(-0.000445938),
3.04089,0.000552203+1i*(-0.00135387),0.00433547+1i*(-0.000612084),0.000249323+1i*(-3.39669e-05),-3.57466e-05+1i*(1.57436e-05),0.00585414+1i*(-0.00218587),-4.94872e-06+1i*(1.8263e-06),-1.49916e-05+1i*(3.68913e-07),5.79522e-06+1i*(8.66717e-06),2.84192e-07+1i*(-0.000449025),
3.06196,0.000590387+1i*(-0.00135733),0.00433315+1i*(-0.000614903),0.000250052+1i*(-3.40569e-05),-3.6158e-05+1i*(1.60353e-05),0.00584473+1i*(-0.0021968),-5.00806e-06+1i*(1.86033e-06),-1.51979e-05+1i*(3.37333e-07),5.87164e-06+1i*(8.70027e-06),2.87668e-07+1i*(-0.000452133),
3.08319,0.000629069+1i*(-0.00136068),0.00433081+1i*(-0.000617743),0.000250792+1i*(-3.41454e-05),-3.65732e-05+1i*(1.6332e-05),0.00583523+1i*(-0.00220774),-5.068e-06+1i*(1.89494e-06),-1.5407e-05+1i*(3.04864e-07),5.94883e-06+1i*(8.73313e-06),2.91187e-07+1i*(-0.000455262),
3.10456,0.000668255+1i*(-0.00136392),0.00432845+1i*(-0.000620603),0.000251541+1i*(-3.42324e-05),-3.69922e-05+1i*(1.66337e-05),0.00582564+1i*(-0.00221869),-5.12854e-06+1i*(1.93014e-06),-1.56188e-05+1i*(2.71489e-07),6.02679e-06+1i*(8.76575e-06),2.94748e-07+1i*(-0.000458413),
3.12608,0.000707949+1i*(-0.00136705),0.00432606+1i*(-0.000623483),0.0002523+1i*(-3.43178e-05),-3.74148e-05+1i*(1.69405e-05),0.00581597+1i*(-0.00222964),-5.1897e-06+1i*(1.96595e-06),-1.58333e-05+1i*(2.37188e-07),6.10553e-06+1i*(8.79812e-06),2.98353e-07+1i*(-0.000461585),
3.14775,0.00074816+1i*(-0.00137005),0.00432365+1i*(-0.000626384),0.000253069+1i*(-3.44015e-05),-3.78413e-05+1i*(1.72524e-05),0.00580621+1i*(-0.0022406),-5.25147e-06+1i*(2.00237e-06),-1.60506e-05+1i*(2.0194e-07),6.18504e-06+1i*(8.83022e-06),3.02002e-07+1i*(-0.00046478),
3.16957,0.000788893+1i*(-0.00137293),0.00432122+1i*(-0.000629305),0.000253849+1i*(-3.44835e-05),-3.82715e-05+1i*(1.75697e-05),0.00579636+1i*(-0.00225157),-5.31386e-06+1i*(2.0394e-06),-1.62708e-05+1i*(1.65725e-07),6.26534e-06+1i*(8.86205e-06),3.05694e-07+1i*(-0.000467996),
3.19154,0.000830153+1i*(-0.00137569),0.00431877+1i*(-0.000632246),0.000254638+1i*(-3.45637e-05),-3.87054e-05+1i*(1.78922e-05),0.00578642+1i*(-0.00226253),-5.37687e-06+1i*(2.07707e-06),-1.64938e-05+1i*(1.28522e-07),6.34643e-06+1i*(8.89361e-06),3.09432e-07+1i*(-0.000471235),
3.21366,0.000871949+1i*(-0.00137832),0.00431629+1i*(-0.000635208),0.000255438+1i*(-3.46421e-05),-3.91431e-05+1i*(1.82201e-05),0.00577639+1i*(-0.0022735),-5.44051e-06+1i*(2.11537e-06),-1.67197e-05+1i*(9.03099e-08),6.42831e-06+1i*(8.92489e-06),3.13215e-07+1i*(-0.000474496),
3.23594,0.000914286+1i*(-0.00138082),0.00431379+1i*(-0.00063819),0.000256248+1i*(-3.47186e-05),-3.95847e-05+1i*(1.85535e-05),0.00576628+1i*(-0.00228447),-5.50478e-06+1i*(2.15432e-06),-1.69486e-05+1i*(5.10673e-08),6.51099e-06+1i*(8.95587e-06),3.17043e-07+1i*(-0.000477779),
3.25837,0.000957171+1i*(-0.00138318),0.00431127+1i*(-0.000641193),0.000257069+1i*(-3.47931e-05),-4.003e-05+1i*(1.88925e-05),0.00575607+1i*(-0.00229544),-5.56968e-06+1i*(2.19392e-06),-1.71804e-05+1i*(1.07719e-08),6.59447e-06+1i*(8.98655e-06),3.20918e-07+1i*(-0.000481085),
3.28095,0.00100061+1i*(-0.00138539),0.00430872+1i*(-0.000644217),0.0002579+1i*(-3.48656e-05),-4.04791e-05+1i*(1.92371e-05),0.00574578+1i*(-0.00230641),-5.63521e-06+1i*(2.23419e-06),-1.74152e-05+1i*(-3.05987e-08),6.67875e-06+1i*(9.01692e-06),3.24839e-07+1i*(-0.000484414),
3.3037,0.00104461+1i*(-0.00138747),0.00430615+1i*(-0.000647262),0.000258742+1i*(-3.4936e-05),-4.09319e-05+1i*(1.95873e-05),0.0057354+1i*(-0.00231738),-5.70139e-06+1i*(2.27514e-06),-1.7653e-05+1i*(-7.30674e-08),6.76384e-06+1i*(9.04698e-06),3.28807e-07+1i*(-0.000487766),
3.3266,0.00108918+1i*(-0.00138939),0.00430356+1i*(-0.000650327),0.000259596+1i*(-3.50042e-05),-4.13886e-05+1i*(1.99433e-05),0.00572493+1i*(-0.00232834),-5.76821e-06+1i*(2.31676e-06),-1.78939e-05+1i*(-1.16658e-07),6.84974e-06+1i*(9.07671e-06),3.32822e-07+1i*(-0.000491141),
3.34965,0.00113432+1i*(-0.00139117),0.00430094+1i*(-0.000653413),0.00026046+1i*(-3.50702e-05),-4.18491e-05+1i*(2.03052e-05),0.00571437+1i*(-0.0023393),-5.83568e-06+1i*(2.35908e-06),-1.81379e-05+1i*(-1.61393e-07),6.93646e-06+1i*(9.1061e-06),3.36886e-07+1i*(-0.000494539),
3.37287,0.00118005+1i*(-0.00139279),0.00429829+1i*(-0.00065652),0.000261336+1i*(-3.51339e-05),-4.23134e-05+1i*(2.0673e-05),0.00570372+1i*(-0.00235026),-5.90379e-06+1i*(2.40211e-06),-1.83851e-05+1i*(-2.07298e-07),7.024e-06+1i*(9.13516e-06),3.40998e-07+1i*(-0.000497961),
3.39625,0.00122636+1i*(-0.00139424),0.00429563+1i*(-0.000659648),0.000262223+1i*(-3.51951e-05),-4.27815e-05+1i*(2.10469e-05),0.00569297+1i*(-0.00236122),-5.97256e-06+1i*(2.44585e-06),-1.86354e-05+1i*(-2.54398e-07),7.11235e-06+1i*(9.16386e-06),3.45158e-07+1i*(-0.000501406),
3.41979,0.00127327+1i*(-0.00139553),0.00429293+1i*(-0.000662798),0.000263121+1i*(-3.5254e-05),-4.32534e-05+1i*(2.14268e-05),0.00568214+1i*(-0.00237216),-6.04199e-06+1i*(2.4903e-06),-1.8889e-05+1i*(-3.02717e-07),7.20154e-06+1i*(9.1922e-06),3.49369e-07+1i*(-0.000504875),
3.4435,0.00132078+1i*(-0.00139666),0.00429021+1i*(-0.000665968),0.000264031+1i*(-3.53103e-05),-4.37292e-05+1i*(2.18128e-05),0.00567122+1i*(-0.0023831),-6.11207e-06+1i*(2.5355e-06),-1.91458e-05+1i*(-3.5228e-07),7.29155e-06+1i*(9.22018e-06),3.53629e-07+1i*(-0.000508368),
3.46737,0.0013689+1i*(-0.00139761),0.00428747+1i*(-0.00066916),0.000264953+1i*(-3.53639e-05),-4.42087e-05+1i*(2.22052e-05),0.00566021+1i*(-0.00239404),-6.18282e-06+1i*(2.58143e-06),-1.94059e-05+1i*(-4.03115e-07),7.3824e-06+1i*(9.24778e-06),3.57939e-07+1i*(-0.000511885),
3.4914,0.00141764+1i*(-0.00139838),0.0042847+1i*(-0.000672373),0.000265886+1i*(-3.54149e-05),-4.4692e-05+1i*(2.26038e-05),0.00564911+1i*(-0.00240496),-6.25424e-06+1i*(2.62812e-06),-1.96694e-05+1i*(-4.55248e-07),7.47408e-06+1i*(9.27499e-06),3.62301e-07+1i*(-0.000515426),
3.5156,0.001467+1i*(-0.00139896),0.00428191+1i*(-0.000675607),0.000266832+1i*(-3.54632e-05),-4.51791e-05+1i*(2.30089e-05),0.00563792+1i*(-0.00241587),-6.32633e-06+1i*(2.67556e-06),-1.99362e-05+1i*(-5.08706e-07),7.5666e-06+1i*(9.30181e-06),3.66713e-07+1i*(-0.000518992),
3.53997,0.001517+1i*(-0.00139936),0.00427909+1i*(-0.000678863),0.00026779+1i*(-3.55085e-05),-4.56701e-05+1i*(2.34205e-05),0.00562664+1i*(-0.00242678),-6.39908e-06+1i*(2.72378e-06),-2.02064e-05+1i*(-5.63517e-07),7.65997e-06+1i*(9.32822e-06),3.71178e-07+1i*(-0.000522582),
3.56451,0.00156763+1i*(-0.00139957),0.00427624+1i*(-0.00068214),0.00026876+1i*(-3.5551e-05),-4.61648e-05+1i*(2.38386e-05),0.00561527+1i*(-0.00243767),-6.47252e-06+1i*(2.77279e-06),-2.04801e-05+1i*(-6.19708e-07),7.75418e-06+1i*(9.35422e-06),3.75695e-07+1i*(-0.000526197),
3.58922,0.00161891+1i*(-0.00139958),0.00427337+1i*(-0.000685439),0.000269743+1i*(-3.55904e-05),-4.66633e-05+1i*(2.42634e-05),0.0056038+1i*(-0.00244854),-6.54663e-06+1i*(2.82258e-06),-2.07573e-05+1i*(-6.77309e-07),7.84923e-06+1i*(9.3798e-06),3.80264e-07+1i*(-0.000529837),
3.6141,0.00167085+1i*(-0.00139939),0.00427047+1i*(-0.00068876),0.000270738+1i*(-3.56267e-05),-4.71656e-05+1i*(2.46949e-05),0.00559225+1i*(-0.00245941),-6.62142e-06+1i*(2.87318e-06),-2.1038e-05+1i*(-7.36348e-07),7.94514e-06+1i*(9.40495e-06),3.84887e-07+1i*(-0.000533502),
3.63915,0.00172344+1i*(-0.00139899),0.00426754+1i*(-0.000692103),0.000271746+1i*(-3.56598e-05),-4.76717e-05+1i*(2.51333e-05),0.00558061+1i*(-0.00247026),-6.69689e-06+1i*(2.9246e-06),-2.13223e-05+1i*(-7.96856e-07),8.0419e-06+1i*(9.42965e-06),3.89564e-07+1i*(-0.000537192),
3.66438,0.00177671+1i*(-0.00139837),0.00426459+1i*(-0.000695467),0.000272767+1i*(-3.56896e-05),-4.81815e-05+1i*(2.55786e-05),0.00556888+1i*(-0.00248109),-6.77306e-06+1i*(2.97684e-06),-2.16102e-05+1i*(-8.58862e-07),8.13952e-06+1i*(9.45391e-06),3.94295e-07+1i*(-0.000540907),
3.68978,0.00183065+1i*(-0.00139754),0.00426161+1i*(-0.000698854),0.000273801+1i*(-3.57161e-05),-4.86951e-05+1i*(2.60308e-05),0.00555705+1i*(-0.0024919),-6.84991e-06+1i*(3.02991e-06),-2.19018e-05+1i*(-9.22398e-07),8.238e-06+1i*(9.47771e-06),3.99081e-07+1i*(-0.000544648),
3.71535,0.00188528+1i*(-0.00139649),0.0042586+1i*(-0.000702262),0.000274848+1i*(-3.5739e-05),-4.92124e-05+1i*(2.64902e-05),0.00554514+1i*(-0.0025027),-6.92746e-06+1i*(3.08383e-06),-2.2197e-05+1i*(-9.87495e-07),8.33734e-06+1i*(9.50104e-06),4.03922e-07+1i*(-0.000548415),
3.74111,0.0019406+1i*(-0.0013952),0.00425556+1i*(-0.000705693),0.000275908+1i*(-3.57584e-05),-4.97335e-05+1i*(2.69567e-05),0.00553314+1i*(-0.00251348),-7.0057e-06+1i*(3.1386e-06),-2.2496e-05+1i*(-1.05418e-06),8.43755e-06+1i*(9.52389e-06),4.08818e-07+1i*(-0.000552208),
3.76704,0.00199662+1i*(-0.00139368),0.0042525+1i*(-0.000709146),0.000276982+1i*(-3.57741e-05),-5.02583e-05+1i*(2.74305e-05),0.00552104+1i*(-0.00252424),-7.08463e-06+1i*(3.19425e-06),-2.27988e-05+1i*(-1.1225e-06),8.53862e-06+1i*(9.54625e-06),4.13771e-07+1i*(-0.000556027),
3.79315,0.00205335+1i*(-0.00139192),0.00424941+1i*(-0.000712622),0.00027807+1i*(-3.57861e-05),-5.07868e-05+1i*(2.79116e-05),0.00550886+1i*(-0.00253497),-7.16427e-06+1i*(3.25077e-06),-2.31054e-05+1i*(-1.19247e-06),8.64056e-06+1i*(9.56812e-06),4.18781e-07+1i*(-0.000559872),
3.81944,0.0021108+1i*(-0.00138992),0.00424629+1i*(-0.00071612),0.000279171+1i*(-3.57942e-05),-5.13191e-05+1i*(2.84001e-05),0.00549659+1i*(-0.00254569),-7.24461e-06+1i*(3.30818e-06),-2.34159e-05+1i*(-1.26414e-06),8.74337e-06+1i*(9.58947e-06),4.23848e-07+1i*(-0.000563744),
3.84592,0.00216898+1i*(-0.00138766),0.00424314+1i*(-0.000719641),0.000280286+1i*(-3.57983e-05),-5.1855e-05+1i*(2.88962e-05),0.00548423+1i*(-0.00255638),-7.32566e-06+1i*(3.36649e-06),-2.37303e-05+1i*(-1.33753e-06),8.84705e-06+1i*(9.61032e-06),4.28973e-07+1i*(-0.000567642),
3.87258,0.00222788+1i*(-0.00138514),0.00423996+1i*(-0.000723184),0.000281415+1i*(-3.57984e-05),-5.23946e-05+1i*(2.93998e-05),0.00547178+1i*(-0.00256705),-7.40741e-06+1i*(3.42571e-06),-2.40486e-05+1i*(-1.41269e-06),8.95161e-06+1i*(9.63063e-06),4.34156e-07+1i*(-0.000571567),
3.89942,0.00228753+1i*(-0.00138236),0.00423676+1i*(-0.000726751),0.000282559+1i*(-3.57942e-05),-5.29378e-05+1i*(2.99112e-05),0.00545924+1i*(-0.00257769),-7.48988e-06+1i*(3.48585e-06),-2.4371e-05+1i*(-1.48964e-06),9.05704e-06+1i*(9.65041e-06),4.39398e-07+1i*(-0.000575519),
3.92645,0.00234793+1i*(-0.0013793),0.00423353+1i*(-0.00073034),0.000283717+1i*(-3.57858e-05),-5.34847e-05+1i*(3.04303e-05),0.00544662+1i*(-0.0025883),-7.57305e-06+1i*(3.54693e-06),-2.46974e-05+1i*(-1.56843e-06),9.16336e-06+1i*(9.66965e-06),4.44699e-07+1i*(-0.000579499),
3.95367,0.00240909+1i*(-0.00137597),0.00423026+1i*(-0.000733953),0.00028489+1i*(-3.57729e-05),-5.40352e-05+1i*(3.09573e-05),0.0054339+1i*(-0.00259889),-7.65694e-06+1i*(3.60895e-06),-2.50279e-05+1i*(-1.64909e-06),9.27055e-06+1i*(9.68832e-06),4.50059e-07+1i*(-0.000583505),
3.98107,0.00247102+1i*(-0.00137236),0.00422697+1i*(-0.000737588),0.000286077+1i*(-3.57556e-05),-5.45893e-05+1i*(3.14922e-05),0.0054211+1i*(-0.00260945),-7.74155e-06+1i*(3.67193e-06),-2.53626e-05+1i*(-1.73165e-06),9.37863e-06+1i*(9.70643e-06),4.5548e-07+1i*(-0.000587539),
4.00867,0.00253372+1i*(-0.00136845),0.00422365+1i*(-0.000741248),0.000287279+1i*(-3.57336e-05),-5.5147e-05+1i*(3.20352e-05),0.00540821+1i*(-0.00261998),-7.82687e-06+1i*(3.73587e-06),-2.57014e-05+1i*(-1.81616e-06),9.48759e-06+1i*(9.72397e-06),4.60962e-07+1i*(-0.000591601),
4.03645,0.00259721+1i*(-0.00136425),0.0042203+1i*(-0.00074493),0.000288496+1i*(-3.57068e-05),-5.57082e-05+1i*(3.25863e-05),0.00539523+1i*(-0.00263047),-7.91292e-06+1i*(3.8008e-06),-2.60445e-05+1i*(-1.90266e-06),9.59743e-06+1i*(9.74092e-06),4.66504e-07+1i*(-0.000595691),
4.06443,0.00266149+1i*(-0.00135974),0.00421691+1i*(-0.000748637),0.000289729+1i*(-3.56752e-05),-5.6273e-05+1i*(3.31456e-05),0.00538217+1i*(-0.00264094),-7.99968e-06+1i*(3.86671e-06),-2.63918e-05+1i*(-1.99118e-06),9.70816e-06+1i*(9.75727e-06),4.72109e-07+1i*(-0.000599809),
4.09261,0.00272657+1i*(-0.00135492),0.0042135+1i*(-0.000752367),0.000290976+1i*(-3.56385e-05),-5.68412e-05+1i*(3.37133e-05),0.00536902+1i*(-0.00265137),-8.08717e-06+1i*(3.93363e-06),-2.67435e-05+1i*(-2.08177e-06),9.81978e-06+1i*(9.77302e-06),4.77776e-07+1i*(-0.000603956),
4.12098,0.00279246+1i*(-0.00134978),0.00421006+1i*(-0.000756121),0.00029224+1i*(-3.55968e-05),-5.7413e-05+1i*(3.42893e-05),0.00535578+1i*(-0.00266177),-8.17539e-06+1i*(4.00156e-06),-2.70995e-05+1i*(-2.17447e-06),9.93228e-06+1i*(9.78816e-06),4.83505e-07+1i*(-0.000608131),
4.14954,0.00285918+1i*(-0.00134432),0.00420659+1i*(-0.000759899),0.000293519+1i*(-3.55498e-05),-5.79882e-05+1i*(3.48739e-05),0.00534246+1i*(-0.00267214),-8.26434e-06+1i*(4.07051e-06),-2.746e-05+1i*(-2.26931e-06),1.00457e-05+1i*(9.80266e-06),4.89297e-07+1i*(-0.000612334),
4.1783,0.00292672+1i*(-0.00133852),0.00420308+1i*(-0.000763702),0.000294814+1i*(-3.54974e-05),-5.85669e-05+1i*(3.5467e-05),0.00532905+1i*(-0.00268246),-8.35401e-06+1i*(4.1405e-06),-2.78249e-05+1i*(-2.36635e-06),1.016e-05+1i*(9.81654e-06),4.95153e-07+1i*(-0.000616567),
4.20727,0.0029951+1i*(-0.00133238),0.00419955+1i*(-0.000767529),0.000296125+1i*(-3.54396e-05),-5.91489e-05+1i*(3.60688e-05),0.00531556+1i*(-0.00269275),-8.44442e-06+1i*(4.21154e-06),-2.81944e-05+1i*(-2.46562e-06),1.02751e-05+1i*(9.82976e-06),5.01074e-07+1i*(-0.000620828),
4.23643,0.00306433+1i*(-0.00132589),0.00419598+1i*(-0.000771381),0.000297452+1i*(-3.5376e-05),-5.97343e-05+1i*(3.66793e-05),0.00530198+1i*(-0.00270301),-8.53556e-06+1i*(4.28364e-06),-2.85684e-05+1i*(-2.56716e-06),1.03912e-05+1i*(9.84233e-06),5.07058e-07+1i*(-0.000625119),
4.2658,0.00313442+1i*(-0.00131905),0.00419239+1i*(-0.000775257),0.000298796+1i*(-3.53067e-05),-6.03231e-05+1i*(3.72987e-05),0.00528832+1i*(-0.00271322),-8.62743e-06+1i*(4.35682e-06),-2.8947e-05+1i*(-2.67103e-06),1.05082e-05+1i*(9.85423e-06),5.13108e-07+1i*(-0.000629439),
4.29536,0.00320537+1i*(-0.00131184),0.00418876+1i*(-0.000779158),0.000300156+1i*(-3.52315e-05),-6.09152e-05+1i*(3.79271e-05),0.00527458+1i*(-0.00272339),-8.72004e-06+1i*(4.43107e-06),-2.93303e-05+1i*(-2.77727e-06),1.0626e-05+1i*(9.86546e-06),5.19224e-07+1i*(-0.000633789),
4.32514,0.0032772+1i*(-0.00130426),0.0041851+1i*(-0.000783085),0.000301533+1i*(-3.51503e-05),-6.15105e-05+1i*(3.85644e-05),0.00526075+1i*(-0.00273352),-8.81339e-06+1i*(4.50643e-06),-2.97183e-05+1i*(-2.88592e-06),1.07447e-05+1i*(9.876e-06),5.25405e-07+1i*(-0.000638169),
4.35512,0.00334991+1i*(-0.0012963),0.00418141+1i*(-0.000787037),0.000302927+1i*(-3.50628e-05),-6.21091e-05+1i*(3.92109e-05),0.00524684+1i*(-0.00274361),-8.90748e-06+1i*(4.58289e-06),-3.01111e-05+1i*(-2.99704e-06),1.08644e-05+1i*(9.88584e-06),5.31653e-07+1i*(-0.000642579),
4.38531,0.00342351+1i*(-0.00128794),0.00417769+1i*(-0.000791014),0.000304338+1i*(-3.4969e-05),-6.27109e-05+1i*(3.98666e-05),0.00523285+1i*(-0.00275366),-9.0023e-06+1i*(4.66047e-06),-3.05088e-05+1i*(-3.11066e-06),1.09849e-05+1i*(9.89498e-06),5.37968e-07+1i*(-0.000647019),
4.4157,0.00349802+1i*(-0.00127919),0.00417393+1i*(-0.000795018),0.000305767+1i*(-3.48687e-05),-6.33159e-05+1i*(4.05316e-05),0.00521878+1i*(-0.00276366),-9.09787e-06+1i*(4.73918e-06),-3.09112e-05+1i*(-3.22685e-06),1.11063e-05+1i*(9.9034e-06),5.4435e-07+1i*(-0.00065149),
4.44631,0.00357345+1i*(-0.00127004),0.00417014+1i*(-0.000799047),0.000307212+1i*(-3.47617e-05),-6.3924e-05+1i*(4.1206e-05),0.00520463+1i*(-0.00277361),-9.19418e-06+1i*(4.81903e-06),-3.13186e-05+1i*(-3.34564e-06),1.12286e-05+1i*(9.91109e-06),5.508e-07+1i*(-0.000655991),
4.47713,0.00364979+1i*(-0.00126046),0.00416632+1i*(-0.000803102),0.000308676+1i*(-3.4648e-05),-6.45352e-05+1i*(4.18899e-05),0.0051904+1i*(-0.00278352),-9.29123e-06+1i*(4.90004e-06),-3.1731e-05+1i*(-3.46709e-06),1.13518e-05+1i*(9.91804e-06),5.57319e-07+1i*(-0.000660524),
4.50817,0.00372707+1i*(-0.00125046),0.00416247+1i*(-0.000807184),0.000310157+1i*(-3.45273e-05),-6.51495e-05+1i*(4.25834e-05),0.00517609+1i*(-0.00279338),-9.38903e-06+1i*(4.98222e-06),-3.21484e-05+1i*(-3.59125e-06),1.14759e-05+1i*(9.92425e-06),5.63906e-07+1i*(-0.000665087),
4.53942,0.00380529+1i*(-0.00124003),0.00415859+1i*(-0.000811292),0.000311657+1i*(-3.43995e-05),-6.57668e-05+1i*(4.32865e-05),0.0051617+1i*(-0.00280319),-9.48757e-06+1i*(5.06558e-06),-3.25709e-05+1i*(-3.71817e-06),1.16009e-05+1i*(9.9297e-06),5.70562e-07+1i*(-0.000669682),
4.57088,0.00388447+1i*(-0.00122916),0.00415467+1i*(-0.000815427),0.000313174+1i*(-3.42644e-05),-6.6387e-05+1i*(4.39993e-05),0.00514724+1i*(-0.00281295),-9.58686e-06+1i*(5.15013e-06),-3.29985e-05+1i*(-3.84791e-06),1.17268e-05+1i*(9.93438e-06),5.77288e-07+1i*(-0.000674308),
4.60257,0.00396461+1i*(-0.00121783),0.00415072+1i*(-0.000819589),0.00031471+1i*(-3.41218e-05),-6.70102e-05+1i*(4.4722e-05),0.0051327+1i*(-0.00282266),-9.68689e-06+1i*(5.23589e-06),-3.34313e-05+1i*(-3.98051e-06),1.18536e-05+1i*(9.93829e-06),5.84084e-07+1i*(-0.000678966),
4.63447,0.00404572+1i*(-0.00120604),0.00414673+1i*(-0.000823778),0.000316265+1i*(-3.39717e-05),-6.76362e-05+1i*(4.54547e-05),0.00511808+1i*(-0.00283232),-9.78768e-06+1i*(5.32286e-06),-3.38694e-05+1i*(-4.11604e-06),1.19812e-05+1i*(9.9414e-06),5.9095e-07+1i*(-0.000683656),
4.66659,0.00412781+1i*(-0.00119377),0.00414271+1i*(-0.000827995),0.000317838+1i*(-3.38138e-05),-6.82651e-05+1i*(4.61973e-05),0.00510339+1i*(-0.00284193),-9.88921e-06+1i*(5.41106e-06),-3.43127e-05+1i*(-4.25455e-06),1.21098e-05+1i*(9.94372e-06),5.97888e-07+1i*(-0.000688378),
4.69894,0.00421089+1i*(-0.00118103),0.00413866+1i*(-0.00083224),0.00031943+1i*(-3.36479e-05),-6.88968e-05+1i*(4.69501e-05),0.00508862+1i*(-0.00285148),-9.99149e-06+1i*(5.50051e-06),-3.47614e-05+1i*(-4.39609e-06),1.22392e-05+1i*(9.94523e-06),6.04896e-07+1i*(-0.000693132),
4.73151,0.00429498+1i*(-0.00116779),0.00413458+1i*(-0.000836513),0.000321042+1i*(-3.34739e-05),-6.95312e-05+1i*(4.7713e-05),0.00507378+1i*(-0.00286098),-1.00945e-05+1i*(5.5912e-06),-3.52155e-05+1i*(-4.54073e-06),1.23695e-05+1i*(9.94592e-06),6.11976e-07+1i*(-0.000697919),
4.76431,0.00438009+1i*(-0.00115405),0.00413046+1i*(-0.000840814),0.000322673+1i*(-3.32916e-05),-7.01683e-05+1i*(4.84863e-05),0.00505887+1i*(-0.00287042),-1.01983e-05+1i*(5.68316e-06),-3.5675e-05+1i*(-4.68852e-06),1.25008e-05+1i*(9.94579e-06),6.19129e-07+1i*(-0.000702739),
4.79733,0.00446621+1i*(-0.00113979),0.0041263+1i*(-0.000845144),0.000324323+1i*(-3.31008e-05),-7.0808e-05+1i*(4.92699e-05),0.00504388+1i*(-0.0028798),-1.03028e-05+1i*(5.7764e-06),-3.61401e-05+1i*(-4.83952e-06),1.26328e-05+1i*(9.94481e-06),6.26353e-07+1i*(-0.000707592),
4.83059,0.00455337+1i*(-0.00112501),0.00412211+1i*(-0.000849503),0.000325993+1i*(-3.29013e-05),-7.14503e-05+1i*(5.00639e-05),0.00502883+1i*(-0.00288913),-1.04081e-05+1i*(5.87093e-06),-3.66107e-05+1i*(-4.99379e-06),1.27658e-05+1i*(9.94299e-06),6.33651e-07+1i*(-0.000712478),
4.86407,0.00464157+1i*(-0.0011097),0.00411789+1i*(-0.00085389),0.000327683+1i*(-3.2693e-05),-7.20952e-05+1i*(5.08685e-05),0.00501371+1i*(-0.0028984),-1.05142e-05+1i*(5.96676e-06),-3.70869e-05+1i*(-5.15139e-06),1.28997e-05+1i*(9.94031e-06),6.41022e-07+1i*(-0.000717398),
4.89779,0.00473083+1i*(-0.00109384),0.00411363+1i*(-0.000858308),0.000329393+1i*(-3.24757e-05),-7.27425e-05+1i*(5.16838e-05),0.00499851+1i*(-0.00290761),-1.06209e-05+1i*(6.0639e-06),-3.75688e-05+1i*(-5.31239e-06),1.30344e-05+1i*(9.93677e-06),6.48466e-07+1i*(-0.000722351),
4.93174,0.00482116+1i*(-0.00107742),0.00410934+1i*(-0.000862755),0.000331124+1i*(-3.22491e-05),-7.33922e-05+1i*(5.25097e-05),0.00498325+1i*(-0.00291676),-1.07285e-05+1i*(6.16237e-06),-3.80565e-05+1i*(-5.47685e-06),1.317e-05+1i*(9.93234e-06),6.55985e-07+1i*(-0.000727339),
4.96592,0.00491256+1i*(-0.00106043),0.00410501+1i*(-0.000867232),0.000332875+1i*(-3.2013e-05),-7.40443e-05+1i*(5.33465e-05),0.00496792+1i*(-0.00292585),-1.08368e-05+1i*(6.26218e-06),-3.855e-05+1i*(-5.64483e-06),1.33065e-05+1i*(9.92703e-06),6.63577e-07+1i*(-0.00073236),
5.00035,0.00500505+1i*(-0.00104287),0.00410065+1i*(-0.00087174),0.000334646+1i*(-3.17673e-05),-7.46987e-05+1i*(5.41941e-05),0.00495253+1i*(-0.00293488),-1.09458e-05+1i*(6.36334e-06),-3.90493e-05+1i*(-5.8164e-06),1.34439e-05+1i*(9.92082e-06),6.71244e-07+1i*(-0.000737416),
5.03501,0.00509863+1i*(-0.00102471),0.00409626+1i*(-0.000876278),0.000336439+1i*(-3.15118e-05),-7.53554e-05+1i*(5.50528e-05),0.00493707+1i*(-0.00294384),-1.10556e-05+1i*(6.46587e-06),-3.95545e-05+1i*(-5.99162e-06),1.35821e-05+1i*(9.91371e-06),6.78986e-07+1i*(-0.000742506),
5.06991,0.00519333+1i*(-0.00100594),0.00409182+1i*(-0.000880848),0.000338253+1i*(-3.12462e-05),-7.60143e-05+1i*(5.59224e-05),0.00492155+1i*(-0.00295274),-1.11662e-05+1i*(6.56977e-06),-4.00657e-05+1i*(-6.17056e-06),1.37212e-05+1i*(9.90568e-06),6.86803e-07+1i*(-0.000747632),
5.10505,0.00528914+1i*(-0.000986563),0.00408735+1i*(-0.000885449),0.000340088+1i*(-3.09704e-05),-7.66752e-05+1i*(5.68032e-05),0.00490597+1i*(-0.00296158),-1.12775e-05+1i*(6.67506e-06),-4.05829e-05+1i*(-6.3533e-06),1.38612e-05+1i*(9.89673e-06),6.94696e-07+1i*(-0.000752792),
5.14044,0.00538608+1i*(-0.000966553),0.00408285+1i*(-0.000890081),0.000341944+1i*(-3.06841e-05),-7.73382e-05+1i*(5.76953e-05),0.00489032+1i*(-0.00297035),-1.13896e-05+1i*(6.78175e-06),-4.11062e-05+1i*(-6.5399e-06),1.4002e-05+1i*(9.88684e-06),7.02665e-07+1i*(-0.000757988),
5.17607,0.00548416+1i*(-0.000945902),0.00407831+1i*(-0.000894746),0.000343823+1i*(-3.03871e-05),-7.80033e-05+1i*(5.85986e-05),0.00487461+1i*(-0.00297906),-1.15024e-05+1i*(6.88985e-06),-4.16356e-05+1i*(-6.73042e-06),1.41437e-05+1i*(9.876e-06),7.10709e-07+1i*(-0.000763219),
5.21195,0.0055834+1i*(-0.000924597),0.00407374+1i*(-0.000899443),0.000345723+1i*(-3.00792e-05),-7.86702e-05+1i*(5.95134e-05),0.00485885+1i*(-0.00298769),-1.16159e-05+1i*(6.99938e-06),-4.21713e-05+1i*(-6.92495e-06),1.42863e-05+1i*(9.86422e-06),7.1883e-07+1i*(-0.000768486),
5.24807,0.0056838+1i*(-0.000902625),0.00406912+1i*(-0.000904174),0.000347645+1i*(-2.97602e-05),-7.9339e-05+1i*(6.04396e-05),0.00484302+1i*(-0.00299626),-1.17303e-05+1i*(7.11035e-06),-4.27132e-05+1i*(-7.12356e-06),1.44297e-05+1i*(9.85147e-06),7.27027e-07+1i*(-0.000773789),
5.28445,0.00578537+1i*(-0.000879972),0.00406447+1i*(-0.000908937),0.00034959+1i*(-2.94298e-05),-8.00096e-05+1i*(6.13773e-05),0.00482714+1i*(-0.00300477),-1.18453e-05+1i*(7.22276e-06),-4.32614e-05+1i*(-7.32631e-06),1.45739e-05+1i*(9.83775e-06),7.35301e-07+1i*(-0.000779128),
5.32108,0.00588813+1i*(-0.000856625),0.00405979+1i*(-0.000913734),0.000351557+1i*(-2.90879e-05),-8.0682e-05+1i*(6.23267e-05),0.00481121+1i*(-0.0030132),-1.19612e-05+1i*(7.33664e-06),-4.3816e-05+1i*(-7.53329e-06),1.47191e-05+1i*(9.82304e-06),7.43653e-07+1i*(-0.000784504),
5.35797,0.00599208+1i*(-0.000832571),0.00405507+1i*(-0.000918566),0.000353547+1i*(-2.87341e-05),-8.1356e-05+1i*(6.32878e-05),0.00479522+1i*(-0.00302156),-1.20777e-05+1i*(7.45199e-06),-4.4377e-05+1i*(-7.74456e-06),1.4865e-05+1i*(9.80735e-06),7.52081e-07+1i*(-0.000789917),
5.39511,0.00609724+1i*(-0.000807796),0.00405031+1i*(-0.000923431),0.00035556+1i*(-2.83683e-05),-8.20315e-05+1i*(6.42606e-05),0.00477917+1i*(-0.00302986),-1.21951e-05+1i*(7.56883e-06),-4.49446e-05+1i*(-7.96022e-06),1.50119e-05+1i*(9.79066e-06),7.60587e-07+1i*(-0.000795366),
5.4325,0.00620362+1i*(-0.000782286),0.00404552+1i*(-0.000928332),0.000357596+1i*(-2.79902e-05),-8.27086e-05+1i*(6.52454e-05),0.00476308+1i*(-0.00303808),-1.23131e-05+1i*(7.68716e-06),-4.55187e-05+1i*(-8.18033e-06),1.51595e-05+1i*(9.77296e-06),7.6917e-07+1i*(-0.000800853),
5.47016,0.00631123+1i*(-0.000756026),0.00404068+1i*(-0.000933268),0.000359656+1i*(-2.75996e-05),-8.33872e-05+1i*(6.62421e-05),0.00474693+1i*(-0.00304623),-1.2432e-05+1i*(7.80701e-06),-4.60994e-05+1i*(-8.40497e-06),1.5308e-05+1i*(9.75424e-06),7.77831e-07+1i*(-0.000806377),
5.50808,0.00642009+1i*(-0.000729003),0.00403582+1i*(-0.00093824),0.000361739+1i*(-2.71962e-05),-8.40671e-05+1i*(6.72508e-05),0.00473074+1i*(-0.00305431),-1.25516e-05+1i*(7.92838e-06),-4.66868e-05+1i*(-8.63424e-06),1.54574e-05+1i*(9.7345e-06),7.86569e-07+1i*(-0.000811939),
5.54626,0.00653019+1i*(-0.000701201),0.00403091+1i*(-0.000943248),0.000363846+1i*(-2.67798e-05),-8.47482e-05+1i*(6.82715e-05),0.0047145+1i*(-0.00306231),-1.26719e-05+1i*(8.05128e-06),-4.72809e-05+1i*(-8.8682e-06),1.56075e-05+1i*(9.71372e-06),7.95386e-07+1i*(-0.000817539),
5.5847,0.00664156+1i*(-0.000672605),0.00402597+1i*(-0.000948293),0.000365977+1i*(-2.635e-05),-8.54306e-05+1i*(6.93045e-05),0.00469821+1i*(-0.00307024),-1.2793e-05+1i*(8.17573e-06),-4.78819e-05+1i*(-9.10694e-06),1.57585e-05+1i*(9.6919e-06),8.0428e-07+1i*(-0.000823177),
5.62341,0.0067542+1i*(-0.000643201),0.00402098+1i*(-0.000953375),0.000368132+1i*(-2.59068e-05),-8.61141e-05+1i*(7.03497e-05),0.00468187+1i*(-0.0030781),-1.29148e-05+1i*(8.30174e-06),-4.84897e-05+1i*(-9.35055e-06),1.59104e-05+1i*(9.66903e-06),8.13253e-07+1i*(-0.000828854),
5.66239,0.00686813+1i*(-0.000612973),0.00401597+1i*(-0.000958495),0.000370312+1i*(-2.54497e-05),-8.67987e-05+1i*(7.14072e-05),0.00466549+1i*(-0.00308589),-1.30374e-05+1i*(8.42932e-06),-4.91044e-05+1i*(-9.59911e-06),1.6063e-05+1i*(9.6451e-06),8.22304e-07+1i*(-0.000834569),
5.70164,0.00698336+1i*(-0.000581906),0.00401091+1i*(-0.000963653),0.000372516+1i*(-2.49786e-05),-8.74843e-05+1i*(7.2477e-05),0.00464907+1i*(-0.00309359),-1.31608e-05+1i*(8.55849e-06),-4.97262e-05+1i*(-9.85271e-06),1.62165e-05+1i*(9.6201e-06),8.31432e-07+1i*(-0.000840324),
5.74116,0.0070999+1i*(-0.000549984),0.00400581+1i*(-0.00096885),0.000374745+1i*(-2.44932e-05),-8.81707e-05+1i*(7.35594e-05),0.00463261+1i*(-0.00310123),-1.32849e-05+1i*(8.68925e-06),-5.03549e-05+1i*(-1.01114e-05),1.63708e-05+1i*(9.59403e-06),8.40639e-07+1i*(-0.000846117),
5.78096,0.00721776+1i*(-0.00051719),0.00400068+1i*(-0.000974086),0.000376999+1i*(-2.39931e-05),-8.8858e-05+1i*(7.46542e-05),0.0046161+1i*(-0.00310878),-1.34097e-05+1i*(8.82162e-06),-5.09908e-05+1i*(-1.03754e-05),1.65259e-05+1i*(9.56687e-06),8.49925e-07+1i*(-0.000851951),
5.82103,0.00733695+1i*(-0.00048351),0.00399551+1i*(-0.000979362),0.000379278+1i*(-2.34782e-05),-8.95459e-05+1i*(7.57617e-05),0.00459956+1i*(-0.00311627),-1.35353e-05+1i*(8.95561e-06),-5.16339e-05+1i*(-1.06446e-05),1.66818e-05+1i*(9.53862e-06),8.59288e-07+1i*(-0.000857824),
5.86138,0.00745749+1i*(-0.000448925),0.0039903+1i*(-0.000984678),0.000381583+1i*(-2.29481e-05),-9.02346e-05+1i*(7.68818e-05),0.00458299+1i*(-0.00312367),-1.36616e-05+1i*(9.09122e-06),-5.22842e-05+1i*(-1.09193e-05),1.68385e-05+1i*(9.50926e-06),8.68729e-07+1i*(-0.000863737),
5.90201,0.00757938+1i*(-0.00041342),0.00398505+1i*(-0.000990035),0.000383914+1i*(-2.24026e-05),-9.09237e-05+1i*(7.80146e-05),0.00456637+1i*(-0.003131),-1.37887e-05+1i*(9.22849e-06),-5.29419e-05+1i*(-1.11994e-05),1.6996e-05+1i*(9.4788e-06),8.78248e-07+1i*(-0.00086969),
5.94292,0.00770265+1i*(-0.000376977),0.00397976+1i*(-0.000995433),0.00038627+1i*(-2.18413e-05),-9.16134e-05+1i*(7.91602e-05),0.00454972+1i*(-0.00313825),-1.39165e-05+1i*(9.3674e-06),-5.36068e-05+1i*(-1.14851e-05),1.71543e-05+1i*(9.44723e-06),8.87845e-07+1i*(-0.000875684),
5.98412,0.00782729+1i*(-0.00033958),0.00397444+1i*(-0.00100087),0.000388653+1i*(-2.12641e-05),-9.23034e-05+1i*(8.03187e-05),0.00453305+1i*(-0.00314542),-1.40451e-05+1i*(9.50799e-06),-5.42793e-05+1i*(-1.17765e-05),1.73135e-05+1i*(9.41453e-06),8.9752e-07+1i*(-0.000881718),
6.0256,0.00795332+1i*(-0.000301211),0.00396907+1i*(-0.00100636),0.000391062+1i*(-2.06705e-05),-9.29938e-05+1i*(8.149e-05),0.00451633+1i*(-0.00315251),-1.41744e-05+1i*(9.65025e-06),-5.49592e-05+1i*(-1.20737e-05),1.74734e-05+1i*(9.3807e-06),9.07272e-07+1i*(-0.000887794),
6.06736,0.00808076+1i*(-0.000261852),0.00396367+1i*(-0.00101188),0.000393498+1i*(-2.00603e-05),-9.36843e-05+1i*(8.26744e-05),0.00449959+1i*(-0.00315953),-1.43045e-05+1i*(9.79421e-06),-5.56466e-05+1i*(-1.23768e-05),1.7634e-05+1i*(9.34573e-06),9.17101e-07+1i*(-0.000893911),
6.10942,0.00820961+1i*(-0.000221485),0.00395823+1i*(-0.00101745),0.00039596+1i*(-1.94332e-05),-9.4375e-05+1i*(8.38718e-05),0.00448283+1i*(-0.00316646),-1.44353e-05+1i*(9.93987e-06),-5.63417e-05+1i*(-1.26858e-05),1.77955e-05+1i*(9.30961e-06),9.27008e-07+1i*(-0.00090007),
6.15177,0.00833989+1i*(-0.000180093),0.00395274+1i*(-0.00102307),0.000398449+1i*(-1.87889e-05),-9.50657e-05+1i*(8.50823e-05),0.00446603+1i*(-0.00317332),-1.45669e-05+1i*(1.00872e-05),-5.70445e-05+1i*(-1.30009e-05),1.79578e-05+1i*(9.27234e-06),9.36991e-07+1i*(-0.000906271),
6.19441,0.0084716+1i*(-0.000137657),0.00394722+1i*(-0.00102872),0.000400966+1i*(-1.81271e-05),-9.57563e-05+1i*(8.6306e-05),0.00444921+1i*(-0.0031801),-1.46992e-05+1i*(1.02363e-05),-5.7755e-05+1i*(-1.33222e-05),1.81208e-05+1i*(9.23391e-06),9.47051e-07+1i*(-0.000912513),
6.23735,0.00860477+1i*(-9.41583e-05),0.00394166+1i*(-0.00103443),0.00040351+1i*(-1.74475e-05),-9.64468e-05+1i*(8.75429e-05),0.00443237+1i*(-0.0031868),-1.48323e-05+1i*(1.03872e-05),-5.84733e-05+1i*(-1.36498e-05),1.82846e-05+1i*(9.19431e-06),9.57187e-07+1i*(-0.000918799),
6.28058,0.00873939+1i*(-4.95778e-05),0.00393606+1i*(-0.00104018),0.000406081+1i*(-1.67496e-05),-9.7137e-05+1i*(8.8793e-05),0.0044155+1i*(-0.00319342),-1.49661e-05+1i*(1.05398e-05),-5.91995e-05+1i*(-1.39838e-05),1.84491e-05+1i*(9.15353e-06),9.67399e-07+1i*(-0.000925127),
6.32412,0.00887549+1i*(-3.89671e-06),0.00393042+1i*(-0.00104598),0.000408681+1i*(-1.60334e-05),-9.78269e-05+1i*(9.00565e-05),0.00439862+1i*(-0.00319996),-1.51006e-05+1i*(1.06941e-05),-5.99336e-05+1i*(-1.43243e-05),1.86145e-05+1i*(9.11158e-06),9.77686e-07+1i*(-0.000931498),
6.36796,0.00901308+1i*(4.29045e-05),0.00392474+1i*(-0.00105182),0.000411308+1i*(-1.52983e-05),-9.85163e-05+1i*(9.13334e-05),0.00438171+1i*(-0.00320642),-1.52359e-05+1i*(1.08502e-05),-6.06757e-05+1i*(-1.46713e-05),1.87805e-05+1i*(9.06843e-06),9.88048e-07+1i*(-0.000937912),
6.4121,0.00915216+1i*(9.08453e-05),0.00391901+1i*(-0.00105772),0.000413964+1i*(-1.45441e-05),-9.92052e-05+1i*(9.26237e-05),0.00436479+1i*(-0.0032128),-1.53719e-05+1i*(1.10081e-05),-6.14259e-05+1i*(-1.50251e-05),1.89474e-05+1i*(9.02409e-06),9.98485e-07+1i*(-0.00094437),
6.45654,0.00929275+1i*(0.000139946),0.00391325+1i*(-0.00106366),0.000416648+1i*(-1.37705e-05),-9.98935e-05+1i*(9.39275e-05),0.00434785+1i*(-0.0032191),-1.55087e-05+1i*(1.11678e-05),-6.21842e-05+1i*(-1.53857e-05),1.91149e-05+1i*(8.97855e-06),1.009e-06+1i*(-0.000950872),
6.5013,0.00943486+1i*(0.000190226),0.00390745+1i*(-0.00106965),0.000419361+1i*(-1.2977e-05),-0.000100581+1i*(9.52449e-05),0.0043309+1i*(-0.00322532),-1.56462e-05+1i*(1.13293e-05),-6.29507e-05+1i*(-1.57532e-05),1.92833e-05+1i*(8.9318e-06),1.01958e-06+1i*(-0.000957418),
6.54636,0.00957851+1i*(0.000241706),0.00390161+1i*(-0.0010757),0.000422103+1i*(-1.21635e-05),-0.000101268+1i*(9.65758e-05),0.00431393+1i*(-0.00323147),-1.57845e-05+1i*(1.14927e-05),-6.37255e-05+1i*(-1.61278e-05),1.94523e-05+1i*(8.88383e-06),1.03024e-06+1i*(-0.000964008),
6.59174,0.00972369+1i*(0.000294407),0.00389572+1i*(-0.00108179),0.000424874+1i*(-1.13294e-05),-0.000101954+1i*(9.79204e-05),0.00429696+1i*(-0.00323753),-1.59235e-05+1i*(1.16578e-05),-6.45086e-05+1i*(-1.65096e-05),1.96221e-05+1i*(8.83464e-06),1.04097e-06+1i*(-0.000970643),
6.63743,0.00987044+1i*(0.000348349),0.0038898+1i*(-0.00108794),0.000427674+1i*(-1.04746e-05),-0.000102638+1i*(9.92786e-05),0.00427997+1i*(-0.00324351),-1.60632e-05+1i*(1.18248e-05),-6.53001e-05+1i*(-1.68986e-05),1.97927e-05+1i*(8.78422e-06),1.05177e-06+1i*(-0.000977324),
6.68344,0.0100187+1i*(0.000403554),0.00388383+1i*(-0.00109414),0.000430504+1i*(-9.59853e-06),-0.000103322+1i*(0.000100651),0.00426298+1i*(-0.00324942),-1.62037e-05+1i*(1.19937e-05),-6.61e-05+1i*(-1.7295e-05),1.9964e-05+1i*(8.73257e-06),1.06264e-06+1i*(-0.000984049),
6.72977,0.0101686+1i*(0.000460044),0.00387782+1i*(-0.00110039),0.000433364+1i*(-8.70098e-06),-0.000104004+1i*(0.000102036),0.00424598+1i*(-0.00325524),-1.6345e-05+1i*(1.21644e-05),-6.69084e-05+1i*(-1.7699e-05),2.0136e-05+1i*(8.67968e-06),1.07358e-06+1i*(-0.00099082),
6.77642,0.0103201+1i*(0.000517839),0.00387178+1i*(-0.0011067),0.000436253+1i*(-7.78155e-06),-0.000104685+1i*(0.000103436),0.00422898+1i*(-0.00326099),-1.6487e-05+1i*(1.2337e-05),-6.77255e-05+1i*(-1.81105e-05),2.03087e-05+1i*(8.62554e-06),1.08459e-06+1i*(-0.000997637),
6.82339,0.0104732+1i*(0.000576962),0.00386569+1i*(-0.00111306),0.000439173+1i*(-6.83987e-06),-0.000105365+1i*(0.000104849),0.00421197+1i*(-0.00326665),-1.66297e-05+1i*(1.25115e-05),-6.85511e-05+1i*(-1.85299e-05),2.04821e-05+1i*(8.57015e-06),1.09567e-06+1i*(-0.0010045),
6.87068,0.0106279+1i*(0.000637435),0.00385956+1i*(-0.00111948),0.000442123+1i*(-5.87558e-06),-0.000106043+1i*(0.000106277),0.00419497+1i*(-0.00327224),-1.67732e-05+1i*(1.26879e-05),-6.93855e-05+1i*(-1.89571e-05),2.06562e-05+1i*(8.5135e-06),1.10682e-06+1i*(-0.00101141),
6.91831,0.0107842+1i*(0.000699281),0.00385338+1i*(-0.00112596),0.000445103+1i*(-4.88831e-06),-0.00010672+1i*(0.000107718),0.00417796+1i*(-0.00327775),-1.69174e-05+1i*(1.28662e-05),-7.02286e-05+1i*(-1.93923e-05),2.08311e-05+1i*(8.45558e-06),1.11804e-06+1i*(-0.00101837),
6.96627,0.0109422+1i*(0.000762522),0.00384717+1i*(-0.00113249),0.000448115+1i*(-3.87769e-06),-0.000107395+1i*(0.000109173),0.00416095+1i*(-0.00328319),-1.70623e-05+1i*(1.30464e-05),-7.10806e-05+1i*(-1.98356e-05),2.10066e-05+1i*(8.3964e-06),1.12932e-06+1i*(-0.00102537),
7.01455,0.0111018+1i*(0.000827181),0.00384091+1i*(-0.00113908),0.000451157+1i*(-2.84334e-06),-0.000108067+1i*(0.000110643),0.00414395+1i*(-0.00328854),-1.7208e-05+1i*(1.32286e-05),-7.19415e-05+1i*(-2.02872e-05),2.11829e-05+1i*(8.33594e-06),1.14066e-06+1i*(-0.00103242),
7.06318,0.0112631+1i*(0.000893282),0.00383461+1i*(-0.00114573),0.000454231+1i*(-1.78488e-06),-0.000108738+1i*(0.000112126),0.00412695+1i*(-0.00329382),-1.73545e-05+1i*(1.34127e-05),-7.28113e-05+1i*(-2.07472e-05),2.13599e-05+1i*(8.27419e-06),1.15207e-06+1i*(-0.00103952),
7.11214,0.011426+1i*(0.000960847),0.00382827+1i*(-0.00115244),0.000457336+1i*(-7.01926e-07),-0.000109407+1i*(0.000113623),0.00410996+1i*(-0.00329902),-1.75017e-05+1i*(1.35988e-05),-7.36902e-05+1i*(-2.12157e-05),2.15375e-05+1i*(8.21116e-06),1.16354e-06+1i*(-0.00104667),
7.16143,0.0115906+1i*(0.0010299),0.00382188+1i*(-0.00115921),0.000460473+1i*(4.0591e-07),-0.000110074+1i*(0.000115135),0.00409298+1i*(-0.00330414),-1.76496e-05+1i*(1.37868e-05),-7.45782e-05+1i*(-2.16929e-05),2.17158e-05+1i*(8.14684e-06),1.17507e-06+1i*(-0.00105386),
7.21107,0.011757+1i*(0.00110047),0.00381546+1i*(-0.00116605),0.000463641+1i*(1.53902e-06),-0.000110739+1i*(0.00011666),0.004076+1i*(-0.00330919),-1.77983e-05+1i*(1.39768e-05),-7.54753e-05+1i*(-2.21788e-05),2.18949e-05+1i*(8.08121e-06),1.18666e-06+1i*(-0.0010611),
7.26106,0.011925+1i*(0.00117257),0.00380899+1i*(-0.00117295),0.000466842+1i*(2.6978e-06),-0.000111401+1i*(0.0001182),0.00405904+1i*(-0.00331416),-1.79478e-05+1i*(1.41688e-05),-7.63816e-05+1i*(-2.26737e-05),2.20745e-05+1i*(8.01428e-06),1.19831e-06+1i*(-0.0010684),
7.31139,0.0120947+1i*(0.00124624),0.00380247+1i*(-0.00117991),0.000470074+1i*(3.88264e-06),-0.00011206+1i*(0.000119754),0.00404209+1i*(-0.00331906),-1.8098e-05+1i*(1.43628e-05),-7.72972e-05+1i*(-2.31776e-05),2.22549e-05+1i*(7.94605e-06),1.21002e-06+1i*(-0.00107574),
7.36207,0.0122662+1i*(0.00132149),0.00379592+1i*(-0.00118693),0.000473339+1i*(5.09396e-06),-0.000112717+1i*(0.000121323),0.00402516+1i*(-0.00332388),-1.82489e-05+1i*(1.45589e-05),-7.82222e-05+1i*(-2.36907e-05),2.2436e-05+1i*(7.87649e-06),1.22178e-06+1i*(-0.00108313),
7.4131,0.0124394+1i*(0.00139836),0.00378932+1i*(-0.00119403),0.000476637+1i*(6.33215e-06),-0.000113372+1i*(0.000122905),0.00400824+1i*(-0.00332863),-1.84006e-05+1i*(1.47569e-05),-7.91565e-05+1i*(-2.42132e-05),2.26177e-05+1i*(7.80562e-06),1.2336e-06+1i*(-0.00109057),
7.46449,0.0126144+1i*(0.00147686),0.00378267+1i*(-0.00120119),0.000479968+1i*(7.59762e-06),-0.000114023+1i*(0.000124502),0.00399134+1i*(-0.0033333),-1.85531e-05+1i*(1.4957e-05),-8.01004e-05+1i*(-2.47451e-05),2.28001e-05+1i*(7.73342e-06),1.24547e-06+1i*(-0.00109806),
7.51623,0.0127911+1i*(0.00155702),0.00377599+1i*(-0.00120841),0.000483331+1i*(8.89078e-06),-0.000114672+1i*(0.000126113),0.00397445+1i*(-0.0033379),-1.87063e-05+1i*(1.51592e-05),-8.10537e-05+1i*(-2.52866e-05),2.29831e-05+1i*(7.65989e-06),1.25739e-06+1i*(-0.0011056),
7.56833,0.0129696+1i*(0.00163888),0.00376926+1i*(-0.00121571),0.000486728+1i*(1.02121e-05),-0.000115317+1i*(0.000127739),0.00395759+1i*(-0.00334243),-1.88603e-05+1i*(1.53634e-05),-8.20167e-05+1i*(-2.58379e-05),2.31668e-05+1i*(7.58502e-06),1.26935e-06+1i*(-0.0011132),
7.62079,0.0131499+1i*(0.00172245),0.00376248+1i*(-0.00122307),0.000490158+1i*(1.15619e-05),-0.00011596+1i*(0.000129379),0.00394075+1i*(-0.00334689),-1.9015e-05+1i*(1.55697e-05),-8.29893e-05+1i*(-2.63991e-05),2.33512e-05+1i*(7.50881e-06),1.28137e-06+1i*(-0.00112084),
7.67361,0.013332+1i*(0.00180775),0.00375566+1i*(-0.00123051),0.000493621+1i*(1.29406e-05),-0.000116599+1i*(0.000131033),0.00392394+1i*(-0.00335128),-1.91705e-05+1i*(1.5778e-05),-8.39717e-05+1i*(-2.69703e-05),2.35362e-05+1i*(7.43125e-06),1.29343e-06+1i*(-0.00112854),
7.72681,0.0135159+1i*(0.00189483),0.0037488+1i*(-0.00123802),0.000497119+1i*(1.43487e-05),-0.000117235+1i*(0.000132701),0.00390714+1i*(-0.0033556),-1.93267e-05+1i*(1.59885e-05),-8.49638e-05+1i*(-2.75517e-05),2.37219e-05+1i*(7.35234e-06),1.30554e-06+1i*(-0.00113628),
7.78037,0.0137017+1i*(0.00198371),0.00374189+1i*(-0.0012456),0.00050065+1i*(1.57867e-05),-0.000117867+1i*(0.000134384),0.00389038+1i*(-0.00335984),-1.94837e-05+1i*(1.62011e-05),-8.59658e-05+1i*(-2.81435e-05),2.39082e-05+1i*(7.27207e-06),1.31768e-06+1i*(-0.00114408),
7.8343,0.0138892+1i*(0.0020744),0.00373494+1i*(-0.00125326),0.000504216+1i*(1.72549e-05),-0.000118496+1i*(0.000136082),0.00387364+1i*(-0.00336402),-1.96415e-05+1i*(1.64158e-05),-8.69777e-05+1i*(-2.87458e-05),2.40951e-05+1i*(7.19043e-06),1.32987e-06+1i*(-0.00115194),
7.8886,0.0140786+1i*(0.00216695),0.00372794+1i*(-0.00126099),0.000507816+1i*(1.87537e-05),-0.000119121+1i*(0.000137794),0.00385693+1i*(-0.00336814),-1.98e-05+1i*(1.66326e-05),-8.79996e-05+1i*(-2.93587e-05),2.42827e-05+1i*(7.10743e-06),1.34209e-06+1i*(-0.00115984),
7.94328,0.0142699+1i*(0.00226137),0.0037209+1i*(-0.0012688),0.00051145+1i*(2.02836e-05),-0.000119743+1i*(0.00013952),0.00384026+1i*(-0.00337218),-1.99593e-05+1i*(1.68516e-05),-8.90315e-05+1i*(-2.99824e-05),2.44709e-05+1i*(7.02305e-06),1.35435e-06+1i*(-0.0011678),
7.99834,0.014463+1i*(0.0023577),0.00371381+1i*(-0.00127668),0.000515119+1i*(2.18451e-05),-0.00012036+1i*(0.000141261),0.00382362+1i*(-0.00337616),-2.01194e-05+1i*(1.70727e-05),-9.00736e-05+1i*(-3.06171e-05),2.46597e-05+1i*(6.93729e-06),1.36664e-06+1i*(-0.00117581),
8.05378,0.014658+1i*(0.00245596),0.00370668+1i*(-0.00128464),0.000518823+1i*(2.34386e-05),-0.000120973+1i*(0.000143016),0.00380701+1i*(-0.00338007),-2.02802e-05+1i*(1.7296e-05),-9.11257e-05+1i*(-3.12629e-05),2.48492e-05+1i*(6.85015e-06),1.37896e-06+1i*(-0.00118387),
8.10961,0.0148548+1i*(0.00255619),0.0036995+1i*(-0.00129269),0.000522562+1i*(2.50645e-05),-0.000121582+1i*(0.000144786),0.00379043+1i*(-0.00338392),-2.04418e-05+1i*(1.75215e-05),-9.21881e-05+1i*(-3.192e-05),2.50393e-05+1i*(6.76161e-06),1.3913e-06+1i*(-0.00119199),
8.16582,0.0150536+1i*(0.0026584),0.00369228+1i*(-0.00130081),0.000526336+1i*(2.67234e-05),-0.000122187+1i*(0.00014657),0.00377389+1i*(-0.0033877),-2.06042e-05+1i*(1.77492e-05),-9.32608e-05+1i*(-3.25885e-05),2.52301e-05+1i*(6.67168e-06),1.40368e-06+1i*(-0.00120017),
8.22243,0.0152543+1i*(0.00276264),0.00368501+1i*(-0.00130902),0.000530146+1i*(2.84155e-05),-0.000122788+1i*(0.000148369),0.00375739+1i*(-0.00339143),-2.07674e-05+1i*(1.79791e-05),-9.43439e-05+1i*(-3.32686e-05),2.54214e-05+1i*(6.58034e-06),1.41607e-06+1i*(-0.0012084),
8.27942,0.0154568+1i*(0.00286893),0.00367769+1i*(-0.00131731),0.000533991+1i*(3.01414e-05),-0.000123384+1i*(0.000150182),0.00374093+1i*(-0.00339509),-2.09313e-05+1i*(1.82112e-05),-9.54373e-05+1i*(-3.39604e-05),2.56134e-05+1i*(6.4876e-06),1.42848e-06+1i*(-0.00121668),
8.33681,0.0156614+1i*(0.00297729),0.00367033+1i*(-0.00132568),0.000537872+1i*(3.19016e-05),-0.000123976+1i*(0.000152009),0.00372451+1i*(-0.00339869),-2.10961e-05+1i*(1.84455e-05),-9.65412e-05+1i*(-3.46642e-05),2.58059e-05+1i*(6.39344e-06),1.44091e-06+1i*(-0.00122502),
8.3946,0.0158678+1i*(0.00308777),0.00366292+1i*(-0.00133414),0.000541789+1i*(3.36965e-05),-0.000124562+1i*(0.000153852),0.00370814+1i*(-0.00340223),-2.12616e-05+1i*(1.86821e-05),-9.76556e-05+1i*(-3.538e-05),2.59991e-05+1i*(6.29786e-06),1.45335e-06+1i*(-0.00123341),
8.45279,0.0160762+1i*(0.00320038),0.00365546+1i*(-0.00134269),0.000545742+1i*(3.55265e-05),-0.000125144+1i*(0.000155708),0.0036918+1i*(-0.00340571),-2.14279e-05+1i*(1.89209e-05),-9.87807e-05+1i*(-3.61081e-05),2.61929e-05+1i*(6.20086e-06),1.4658e-06+1i*(-0.00124186),
8.51138,0.0162866+1i*(0.00331517),0.00364796+1i*(-0.00135132),0.000549731+1i*(3.73922e-05),-0.000125721+1i*(0.00015758),0.00367551+1i*(-0.00340914),-2.1595e-05+1i*(1.9162e-05),-9.99163e-05+1i*(-3.68486e-05),2.63873e-05+1i*(6.10242e-06),1.47826e-06+1i*(-0.00125037),
8.57038,0.0164989+1i*(0.00343215),0.0036404+1i*(-0.00136005),0.000553757+1i*(3.92939e-05),-0.000126293+1i*(0.000159465),0.00365927+1i*(-0.00341251),-2.17629e-05+1i*(1.94054e-05),-0.000101063+1i*(-3.76017e-05),2.65823e-05+1i*(6.00254e-06),1.49072e-06+1i*(-0.00125894),
8.62979,0.0167132+1i*(0.00355137),0.00363281+1i*(-0.00136886),0.000557819+1i*(4.12322e-05),-0.00012686+1i*(0.000161366),0.00364307+1i*(-0.00341582),-2.19316e-05+1i*(1.96511e-05),-0.00010222+1i*(-3.83676e-05),2.67779e-05+1i*(5.90122e-06),1.50318e-06+1i*(-0.00126756),
8.6896,0.0169295+1i*(0.00367285),0.00362516+1i*(-0.00137777),0.000561918+1i*(4.32075e-05),-0.000127421+1i*(0.00016328),0.00362693+1i*(-0.00341908),-2.21011e-05+1i*(1.98991e-05),-0.000103388+1i*(-3.91464e-05),2.69741e-05+1i*(5.79844e-06),1.51564e-06+1i*(-0.00127624),
8.74984,0.0171478+1i*(0.00379662),0.00361746+1i*(-0.00138677),0.000566054+1i*(4.52204e-05),-0.000127977+1i*(0.00016521),0.00361083+1i*(-0.00342229),-2.22714e-05+1i*(2.01495e-05),-0.000104567+1i*(-3.99382e-05),2.71709e-05+1i*(5.69421e-06),1.52809e-06+1i*(-0.00128498),
8.81049,0.0173681+1i*(0.00392272),0.00360972+1i*(-0.00139587),0.000570227+1i*(4.72712e-05),-0.000128528+1i*(0.000167154),0.00359478+1i*(-0.00342544),-2.24425e-05+1i*(2.04021e-05),-0.000105757+1i*(-4.07434e-05),2.73683e-05+1i*(5.58851e-06),1.54053e-06+1i*(-0.00129377),
8.87156,0.0175905+1i*(0.00405118),0.00360193+1i*(-0.00140506),0.000574437+1i*(4.93604e-05),-0.000129073+1i*(0.000169112),0.00357879+1i*(-0.00342855),-2.26144e-05+1i*(2.06571e-05),-0.000106958+1i*(-4.1562e-05),2.75663e-05+1i*(5.48134e-06),1.55295e-06+1i*(-0.00130263),
8.93305,0.0178148+1i*(0.00418202),0.00359409+1i*(-0.00141435),0.000578684+1i*(5.14885e-05),-0.000129612+1i*(0.000171085),0.00356285+1i*(-0.0034316),-2.27872e-05+1i*(2.09145e-05),-0.00010817+1i*(-4.23942e-05),2.77648e-05+1i*(5.37269e-06),1.56536e-06+1i*(-0.00131154),
8.99498,0.0180413+1i*(0.00431529),0.0035862+1i*(-0.00142374),0.000582969+1i*(5.36561e-05),-0.000130145+1i*(0.000173072),0.00354697+1i*(-0.00343461),-2.29607e-05+1i*(2.11743e-05),-0.000109393+1i*(-4.32403e-05),2.7964e-05+1i*(5.26255e-06),1.57774e-06+1i*(-0.00132051),
9.05733,0.0182697+1i*(0.00445101),0.00357826+1i*(-0.00143322),0.000587292+1i*(5.58635e-05),-0.000130672+1i*(0.000175073),0.00353114+1i*(-0.00343757),-2.31351e-05+1i*(2.14364e-05),-0.000110627+1i*(-4.41003e-05),2.81637e-05+1i*(5.15092e-06),1.59009e-06+1i*(-0.00132955),
9.12011,0.0185002+1i*(0.00458921),0.00357027+1i*(-0.00144281),0.000591653+1i*(5.81112e-05),-0.000131193+1i*(0.00017709),0.00351536+1i*(-0.00344049),-2.33103e-05+1i*(2.1701e-05),-0.000111872+1i*(-4.49745e-05),2.8364e-05+1i*(5.03778e-06),1.6024e-06+1i*(-0.00133864),
9.18333,0.0187328+1i*(0.00472994),0.00356223+1i*(-0.00145251),0.000596051+1i*(6.03998e-05),-0.000131708+1i*(0.00017912),0.00349965+1i*(-0.00344336),-2.34863e-05+1i*(2.1968e-05),-0.000113129+1i*(-4.58631e-05),2.85649e-05+1i*(4.92313e-06),1.61469e-06+1i*(-0.00134779),
9.24698,0.0189675+1i*(0.00487322),0.00355414+1i*(-0.0014623),0.000600488+1i*(6.27296e-05),-0.000132216+1i*(0.000181165),0.00348399+1i*(-0.00344619),-2.36632e-05+1i*(2.22374e-05),-0.000114398+1i*(-4.67661e-05),2.87664e-05+1i*(4.80697e-06),1.62692e-06+1i*(-0.00135701),
9.31108,0.0192042+1i*(0.00501909),0.003546+1i*(-0.00147221),0.000604963+1i*(6.51013e-05),-0.000132718+1i*(0.000183225),0.0034684+1i*(-0.00344897),-2.38409e-05+1i*(2.25093e-05),-0.000115677+1i*(-4.76839e-05),2.89684e-05+1i*(4.68927e-06),1.63912e-06+1i*(-0.00136628),
9.37562,0.0194431+1i*(0.00516758),0.00353781+1i*(-0.00148222),0.000609476+1i*(6.75152e-05),-0.000133214+1i*(0.000185298),0.00345286+1i*(-0.00345172),-2.40195e-05+1i*(2.27836e-05),-0.000116969+1i*(-4.86166e-05),2.9171e-05+1i*(4.57005e-06),1.65126e-06+1i*(-0.00137562),
9.44061,0.0196841+1i*(0.00531872),0.00352957+1i*(-0.00149233),0.000614028+1i*(6.99719e-05),-0.000133702+1i*(0.000187387),0.00343739+1i*(-0.00345443),-2.41989e-05+1i*(2.30605e-05),-0.000118271+1i*(-4.95644e-05),2.93742e-05+1i*(4.44927e-06),1.66334e-06+1i*(-0.00138502),
9.50605,0.0199271+1i*(0.00547255),0.00352128+1i*(-0.00150256),0.000618618+1i*(7.24718e-05),-0.000134184+1i*(0.000189489),0.00342198+1i*(-0.0034571),-2.43791e-05+1i*(2.33398e-05),-0.000119586+1i*(-5.05275e-05),2.9578e-05+1i*(4.32694e-06),1.67536e-06+1i*(-0.00139448),
9.57194,0.0201724+1i*(0.0056291),0.00351293+1i*(-0.0015129),0.000623248+1i*(7.50154e-05),-0.000134659+1i*(0.000191606),0.00340664+1i*(-0.00345973),-2.45602e-05+1i*(2.36216e-05),-0.000120912+1i*(-5.1506e-05),2.97823e-05+1i*(4.20305e-06),1.68731e-06+1i*(-0.001404),
9.63829,0.0204197+1i*(0.00578841),0.00350453+1i*(-0.00152336),0.000627916+1i*(7.76033e-05),-0.000135127+1i*(0.000193737),0.00339136+1i*(-0.00346233),-2.47421e-05+1i*(2.3906e-05),-0.00012225+1i*(-5.25002e-05),2.99872e-05+1i*(4.07758e-06),1.69918e-06+1i*(-0.00141359),
9.7051,0.0206692+1i*(0.00595052),0.00349608+1i*(-0.00153393),0.000632623+1i*(8.02358e-05),-0.000135587+1i*(0.000195883),0.00337614+1i*(-0.00346489),-2.49249e-05+1i*(2.41929e-05),-0.000123599+1i*(-5.35103e-05),3.01926e-05+1i*(3.95053e-06),1.71098e-06+1i*(-0.00142324),
9.77237,0.0209209+1i*(0.00611545),0.00348758+1i*(-0.00154461),0.00063737+1i*(8.29134e-05),-0.000136041+1i*(0.000198043),0.003361+1i*(-0.00346743),-2.51086e-05+1i*(2.44824e-05),-0.000124961+1i*(-5.45363e-05),3.03986e-05+1i*(3.82188e-06),1.72269e-06+1i*(-0.00143296),
9.84011,0.0211747+1i*(0.00628324),0.00347903+1i*(-0.00155541),0.000642155+1i*(8.56367e-05),-0.000136486+1i*(0.000200217),0.00334592+1i*(-0.00346993),-2.52932e-05+1i*(2.47745e-05),-0.000126334+1i*(-5.55787e-05),3.06051e-05+1i*(3.69163e-06),1.7343e-06+1i*(-0.00144273),
9.90832,0.0214307+1i*(0.00645394),0.00347042+1i*(-0.00156634),0.000646981+1i*(8.84061e-05),-0.000136925+1i*(0.000202405),0.00333091+1i*(-0.00347241),-2.54786e-05+1i*(2.50692e-05),-0.00012772+1i*(-5.66374e-05),3.08122e-05+1i*(3.55976e-06),1.74582e-06+1i*(-0.00145258),
9.977,0.0216889+1i*(0.00662756),0.00346176+1i*(-0.00157738),0.000651846+1i*(9.12222e-05),-0.000137355+1i*(0.000204607),0.00331597+1i*(-0.00347485),-2.56649e-05+1i*(2.53665e-05),-0.000129117+1i*(-5.77128e-05),3.10199e-05+1i*(3.42626e-06),1.75723e-06+1i*(-0.00146249),
10.0462,0.0219493+1i*(0.00680416),0.00345304+1i*(-0.00158854),0.00065675+1i*(9.40853e-05),-0.000137778+1i*(0.000206824),0.0033011+1i*(-0.00347727),-2.5852e-05+1i*(2.56664e-05),-0.000130527+1i*(-5.8805e-05),3.12281e-05+1i*(3.29113e-06),1.76853e-06+1i*(-0.00147246),
10.1158,0.0222119+1i*(0.00698376),0.00344427+1i*(-0.00159983),0.000661695+1i*(9.69959e-05),-0.000138193+1i*(0.000209055),0.0032863+1i*(-0.00347967),-2.60401e-05+1i*(2.5969e-05),-0.000131949+1i*(-5.99143e-05),3.14368e-05+1i*(3.15433e-06),1.77971e-06+1i*(-0.0014825),
10.1859,0.0224767+1i*(0.0071664),0.00343544+1i*(-0.00161125),0.000666679+1i*(9.99546e-05),-0.000138599+1i*(0.0002113),0.00327157+1i*(-0.00348204),-2.62291e-05+1i*(2.62743e-05),-0.000133383+1i*(-6.10408e-05),3.16461e-05+1i*(3.01588e-06),1.79076e-06+1i*(-0.0014926),
10.2565,0.0227438+1i*(0.00735213),0.00342656+1i*(-0.00162279),0.000671704+1i*(0.000102962),-0.000138998+1i*(0.000213558),0.00325692+1i*(-0.00348439),-2.64189e-05+1i*(2.65822e-05),-0.000134829+1i*(-6.21847e-05),3.18559e-05+1i*(2.87574e-06),1.80167e-06+1i*(-0.00150278),
10.3276,0.0230131+1i*(0.00754096),0.00341762+1i*(-0.00163446),0.000676769+1i*(0.000106018),-0.000139388+1i*(0.000215831),0.00324233+1i*(-0.00348672),-2.66096e-05+1i*(2.68929e-05),-0.000136288+1i*(-6.33462e-05),3.20663e-05+1i*(2.73391e-06),1.81245e-06+1i*(-0.00151302),
10.3992,0.0232846+1i*(0.00773295),0.00340863+1i*(-0.00164627),0.000681874+1i*(0.000109124),-0.000139769+1i*(0.000218119),0.00322783+1i*(-0.00348903),-2.68013e-05+1i*(2.72063e-05),-0.00013776+1i*(-6.45256e-05),3.22772e-05+1i*(2.59038e-06),1.82307e-06+1i*(-0.00152332),
10.4713,0.0235584+1i*(0.00792813),0.00339958+1i*(-0.0016582),0.000687019+1i*(0.000112279),-0.000140142+1i*(0.00022042),0.0032134+1i*(-0.00349133),-2.69938e-05+1i*(2.75224e-05),-0.000139243+1i*(-6.5723e-05),3.24886e-05+1i*(2.44512e-06),1.83354e-06+1i*(-0.0015337),
10.5439,0.0238344+1i*(0.00812654),0.00339047+1i*(-0.00167027),0.000692205+1i*(0.000115485),-0.000140507+1i*(0.000222734),0.00319904+1i*(-0.00349361),-2.71872e-05+1i*(2.78413e-05),-0.00014074+1i*(-6.69386e-05),3.27006e-05+1i*(2.29813e-06),1.84383e-06+1i*(-0.00154414),
10.617,0.0241127+1i*(0.00832821),0.00338131+1i*(-0.00168248),0.000697432+1i*(0.000118742),-0.000140862+1i*(0.000225063),0.00318476+1i*(-0.00349587),-2.73816e-05+1i*(2.8163e-05),-0.000142249+1i*(-6.81727e-05),3.29131e-05+1i*(2.14938e-06),1.85396e-06+1i*(-0.00155465),
10.6905,0.0243933+1i*(0.00853318),0.00337208+1i*(-0.00169482),0.000702699+1i*(0.00012205),-0.000141209+1i*(0.000227406),0.00317055+1i*(-0.00349813),-2.75769e-05+1i*(2.84876e-05),-0.000143771+1i*(-6.94254e-05),3.3126e-05+1i*(1.99886e-06),1.8639e-06+1i*(-0.00156523),
10.7647,0.0246762+1i*(0.00874149),0.0033628+1i*(-0.0017073),0.000708008+1i*(0.00012541),-0.000141546+1i*(0.000229763),0.00315643+1i*(-0.00350037),-2.77731e-05+1i*(2.88149e-05),-0.000145305+1i*(-7.0697e-05),3.33396e-05+1i*(1.84656e-06),1.87364e-06+1i*(-0.00157588),
10.8393,0.0249615+1i*(0.00895318),0.00335346+1i*(-0.00171992),0.000713357+1i*(0.000128822),-0.000141874+1i*(0.000232133),0.00314238+1i*(-0.0035026),-2.79702e-05+1i*(2.91451e-05),-0.000146853+1i*(-7.19877e-05),3.35536e-05+1i*(1.69246e-06),1.88318e-06+1i*(-0.00158659),
10.9144,0.025249+1i*(0.00916828),0.00334406+1i*(-0.00173269),0.000718748+1i*(0.000132287),-0.000142193+1i*(0.000234517),0.0031284+1i*(-0.00350483),-2.81682e-05+1i*(2.94782e-05),-0.000148413+1i*(-7.32977e-05),3.37681e-05+1i*(1.53654e-06),1.89251e-06+1i*(-0.00159738),
10.9901,0.0255388+1i*(0.00938684),0.0033346+1i*(-0.0017456),0.00072418+1i*(0.000135805),-0.000142502+1i*(0.000236915),0.00311451+1i*(-0.00350705),-2.83672e-05+1i*(2.98142e-05),-0.000149987+1i*(-7.46272e-05),3.39831e-05+1i*(1.37878e-06),1.90162e-06+1i*(-0.00160824),
11.0662,0.025831+1i*(0.00960889),0.00332508+1i*(-0.00175866),0.000729653+1i*(0.000139377),-0.000142802+1i*(0.000239326),0.0031007+1i*(-0.00350926),-2.8567e-05+1i*(3.01531e-05),-0.000151573+1i*(-7.59763e-05),3.41987e-05+1i*(1.21916e-06),1.9105e-06+1i*(-0.00161917),
11.1429,0.0261256+1i*(0.00983447),0.0033155+1i*(-0.00177186),0.000735168+1i*(0.000143003),-0.000143092+1i*(0.000241752),0.00308696+1i*(-0.00351147),-2.87678e-05+1i*(3.0495e-05),-0.000153173+1i*(-7.73454e-05),3.44147e-05+1i*(1.05766e-06),1.91913e-06+1i*(-0.00163017),
11.2202,0.0264225+1i*(0.0100636),0.00330585+1i*(-0.00178522),0.000740724+1i*(0.000146683),-0.000143372+1i*(0.00024419),0.00307331+1i*(-0.00351368),-2.89696e-05+1i*(3.08399e-05),-0.000154786+1i*(-7.87346e-05),3.46312e-05+1i*(8.94267e-07),1.92751e-06+1i*(-0.00164125),
11.298,0.0267218+1i*(0.0102964),0.00329615+1i*(-0.00179873),0.000746322+1i*(0.000150418),-0.000143642+1i*(0.000246642),0.00305974+1i*(-0.00351589),-2.91723e-05+1i*(3.11877e-05),-0.000156413+1i*(-8.01442e-05),3.48482e-05+1i*(7.28954e-07),1.93562e-06+1i*(-0.00165239),
11.3763,0.0270234+1i*(0.0105328),0.00328638+1i*(-0.00181239),0.000751962+1i*(0.000154208),-0.000143901+1i*(0.000249108),0.00304625+1i*(-0.0035181),-2.93759e-05+1i*(3.15386e-05),-0.000158053+1i*(-8.15743e-05),3.50656e-05+1i*(5.61701e-07),1.94346e-06+1i*(-0.00166361),
11.4551,0.0273275+1i*(0.0107729),0.00327655+1i*(-0.00182621),0.000757643+1i*(0.000158054),-0.000144151+1i*(0.000251587),0.00303284+1i*(-0.00352031),-2.95804e-05+1i*(3.18925e-05),-0.000159706+1i*(-8.30252e-05),3.52836e-05+1i*(3.92485e-07),1.95101e-06+1i*(-0.0016749),
11.5345,0.0276339+1i*(0.0110167),0.00326665+1i*(-0.00184018),0.000763367+1i*(0.000161957),-0.00014439+1i*(0.00025408),0.00301951+1i*(-0.00352253),-2.97859e-05+1i*(3.22495e-05),-0.000161373+1i*(-8.44971e-05),3.5502e-05+1i*(2.21283e-07),1.95826e-06+1i*(-0.00168626),
11.6145,0.0279428+1i*(0.0112643),0.00325669+1i*(-0.00185432),0.000769133+1i*(0.000165916),-0.000144618+1i*(0.000256585),0.00300626+1i*(-0.00352476),-2.99924e-05+1i*(3.26096e-05),-0.000163054+1i*(-8.59903e-05),3.57208e-05+1i*(4.80709e-08),1.9652e-06+1i*(-0.0016977),
11.695,0.0282541+1i*(0.0115157),0.00324666+1i*(-0.00186861),0.000774942+1i*(0.000169932),-0.000144835+1i*(0.000259104),0.00299309+1i*(-0.00352699),-3.01997e-05+1i*(3.29728e-05),-0.000164748+1i*(-8.75048e-05),3.59401e-05+1i*(-1.27175e-07),1.97181e-06+1i*(-0.00170921),
11.7761,0.0285678+1i*(0.0117709),0.00323657+1i*(-0.00188307),0.000780792+1i*(0.000174005),-0.000145042+1i*(0.000261637),0.00298001+1i*(-0.00352923),-3.0408e-05+1i*(3.33392e-05),-0.000166456+1i*(-8.90411e-05),3.61599e-05+1i*(-3.04481e-07),1.97808e-06+1i*(-0.00172079),
11.8577,0.028884+1i*(0.0120301),0.00322641+1i*(-0.0018977),0.000786686+1i*(0.000178136),-0.000145237+1i*(0.000264182),0.00296701+1i*(-0.00353148),-3.06173e-05+1i*(3.37088e-05),-0.000168178+1i*(-9.05992e-05),3.638e-05+1i*(-4.83872e-07),1.98401e-06+1i*(-0.00173246),
11.9399,0.0292027+1i*(0.0122931),0.00321618+1i*(-0.00191249),0.000792622+1i*(0.000182326),-0.000145421+1i*(0.00026674),0.0029541+1i*(-0.00353375),-3.08274e-05+1i*(3.40816e-05),-0.000169915+1i*(-9.21794e-05),3.66006e-05+1i*(-6.65377e-07),1.98957e-06+1i*(-0.00174419),
12.0226,0.0295238+1i*(0.0125601),0.00320588+1i*(-0.00192745),0.000798601+1i*(0.000186574),-0.000145594+1i*(0.000269312),0.00294126+1i*(-0.00353603),-3.10386e-05+1i*(3.44576e-05),-0.000171665+1i*(-9.37819e-05),3.68216e-05+1i*(-8.49022e-07),1.99475e-06+1i*(-0.001756),
12.106,0.0298475+1i*(0.0128312),0.00319552+1i*(-0.00194258),0.000804622+1i*(0.000190881),-0.000145756+1i*(0.000271896),0.00292851+1i*(-0.00353833),-3.12506e-05+1i*(3.48369e-05),-0.00017343+1i*(-9.5407e-05),3.7043e-05+1i*(-1.03484e-06),1.99954e-06+1i*(-0.00176789),
12.1899,0.0301736+1i*(0.0131062),0.00318508+1i*(-0.00195789),0.000810687+1i*(0.000195248),-0.000145906+1i*(0.000274493),0.00291585+1i*(-0.00354064),-3.14636e-05+1i*(3.52196e-05),-0.000175209+1i*(-9.70549e-05),3.72648e-05+1i*(-1.22285e-06),2.00392e-06+1i*(-0.00177985),
12.2744,0.0305023+1i*(0.0133854),0.00317458+1i*(-0.00197337),0.000816795+1i*(0.000199674),-0.000146043+1i*(0.000277103),0.00290326+1i*(-0.00354297),-3.16775e-05+1i*(3.56055e-05),-0.000177003+1i*(-9.87257e-05),3.7487e-05+1i*(-1.4131e-06),2.00787e-06+1i*(-0.0017919),
12.3595,0.0308335+1i*(0.0136687),0.003164+1i*(-0.00198903),0.000822946+1i*(0.00020416),-0.000146169+1i*(0.000279726),0.00289077+1i*(-0.00354532),-3.18923e-05+1i*(3.59949e-05),-0.000178811+1i*(-0.00010042),3.77096e-05+1i*(-1.6056e-06),2.01139e-06+1i*(-0.00180401),
12.4451,0.0311672+1i*(0.0139562),0.00315335+1i*(-0.00200487),0.000829141+1i*(0.000208707),-0.000146283+1i*(0.000282362),0.00287835+1i*(-0.0035477),-3.21081e-05+1i*(3.63876e-05),-0.000180634+1i*(-0.000102137),3.79325e-05+1i*(-1.8004e-06),2.01445e-06+1i*(-0.00181621),
12.5314,0.0315036+1i*(0.0142479),0.00314262+1i*(-0.00202089),0.00083538+1i*(0.000213315),-0.000146385+1i*(0.00028501),0.00286602+1i*(-0.0035501),-3.23248e-05+1i*(3.67838e-05),-0.000182471+1i*(-0.000103879),3.81558e-05+1i*(-1.99753e-06),2.01704e-06+1i*(-0.00182848),
12.6183,0.0318425+1i*(0.0145439),0.00313183+1i*(-0.0020371),0.000841662+1i*(0.000217983),-0.000146474+1i*(0.000287671),0.00285377+1i*(-0.00355252),-3.25424e-05+1i*(3.71835e-05),-0.000184324+1i*(-0.000105644),3.83794e-05+1i*(-2.19702e-06),2.01915e-06+1i*(-0.00184084),
12.7057,0.032184+1i*(0.0148441),0.00312095+1i*(-0.00205349),0.000847988+1i*(0.000222713),-0.00014655+1i*(0.000290344),0.00284161+1i*(-0.00355497),-3.27609e-05+1i*(3.75866e-05),-0.000186192+1i*(-0.000107433),3.86033e-05+1i*(-2.39891e-06),2.02074e-06+1i*(-0.00185327),
12.7938,0.0325281+1i*(0.0151487),0.00311+1i*(-0.00207007),0.000854358+1i*(0.000227505),-0.000146614+1i*(0.000293029),0.00282953+1i*(-0.00355745),-3.29802e-05+1i*(3.79934e-05),-0.000188075+1i*(-0.000109247),3.88275e-05+1i*(-2.60323e-06),2.02181e-06+1i*(-0.00186578),
12.8825,0.0328748+1i*(0.0154577),0.00309898+1i*(-0.00208684),0.000860772+1i*(0.000232359),-0.000146664+1i*(0.000295727),0.00281754+1i*(-0.00355995),-3.32005e-05+1i*(3.84037e-05),-0.000189973+1i*(-0.000111085),3.9052e-05+1i*(-2.81002e-06),2.02234e-06+1i*(-0.00187837),
12.9718,0.0332242+1i*(0.0157711),0.00308787+1i*(-0.0021038),0.000867231+1i*(0.000237276),-0.000146702+1i*(0.000298437),0.00280563+1i*(-0.00356249),-3.34217e-05+1i*(3.88176e-05),-0.000191887+1i*(-0.000112948),3.92768e-05+1i*(-3.01933e-06),2.02231e-06+1i*(-0.00189104),
13.0617,0.0335763+1i*(0.0160889),0.00307669+1i*(-0.00212096),0.000873735+1i*(0.000242255),-0.000146726+1i*(0.000301159),0.0027938+1i*(-0.00356506),-3.36437e-05+1i*(3.92352e-05),-0.000193816+1i*(-0.000114837),3.95018e-05+1i*(-3.23119e-06),2.0217e-06+1i*(-0.00190379),
13.1522,0.033931+1i*(0.0164113),0.00306542+1i*(-0.00213832),0.000880283+1i*(0.000247297),-0.000146737+1i*(0.000303893),0.00278206+1i*(-0.00356767),-3.38667e-05+1i*(3.96565e-05),-0.000195761+1i*(-0.00011675),3.97271e-05+1i*(-3.44564e-06),2.02049e-06+1i*(-0.00191663),
13.2434,0.0342884+1i*(0.0167383),0.00305408+1i*(-0.00215587),0.000886876+1i*(0.000252403),-0.000146734+1i*(0.000306639),0.00277041+1i*(-0.00357031),-3.40904e-05+1i*(4.00815e-05),-0.000197722+1i*(-0.000118689),3.99526e-05+1i*(-3.66272e-06),2.01866e-06+1i*(-0.00192954),
13.3352,0.0346486+1i*(0.0170698),0.00304265+1i*(-0.00217363),0.000893514+1i*(0.000257572),-0.000146717+1i*(0.000309397),0.00275883+1i*(-0.00357299),-3.4315e-05+1i*(4.05103e-05),-0.000199699+1i*(-0.000120654),4.01782e-05+1i*(-3.88248e-06),2.01618e-06+1i*(-0.00194254),
13.4276,0.0350115+1i*(0.017406),0.00303113+1i*(-0.00219159),0.000900197+1i*(0.000262804),-0.000146686+1i*(0.000312166),0.00274734+1i*(-0.00357571),-3.45405e-05+1i*(4.09429e-05),-0.000201692+1i*(-0.000122645),4.04041e-05+1i*(-4.10497e-06),2.01304e-06+1i*(-0.00195561),
13.5207,0.0353772+1i*(0.0177468),0.00301953+1i*(-0.00220975),0.000906926+1i*(0.000268101),-0.000146641+1i*(0.000314947),0.00273594+1i*(-0.00357846),-3.47667e-05+1i*(4.13794e-05),-0.000203702+1i*(-0.000124662),4.06301e-05+1i*(-4.33023e-06),2.00922e-06+1i*(-0.00196877),
13.6144,0.0357457+1i*(0.0180924),0.00300785+1i*(-0.00222813),0.000913701+1i*(0.000273462),-0.000146582+1i*(0.00031774),0.00272461+1i*(-0.00358126),-3.49938e-05+1i*(4.18198e-05),-0.000205728+1i*(-0.000126706),4.08562e-05+1i*(-4.5583e-06),2.00469e-06+1i*(-0.00198202),
13.7088,0.036117+1i*(0.0184428),0.00299608+1i*(-0.00224672),0.000920522+1i*(0.000278888),-0.000146508+1i*(0.000320544),0.00271337+1i*(-0.0035841),-3.52216e-05+1i*(4.22641e-05),-0.000207771+1i*(-0.000128777),4.10825e-05+1i*(-4.78925e-06),1.99943e-06+1i*(-0.00199534),
13.8038,0.0364911+1i*(0.018798),0.00298421+1i*(-0.00226552),0.000927388+1i*(0.000284378),-0.000146419+1i*(0.000323359),0.00270222+1i*(-0.00358699),-3.54502e-05+1i*(4.27125e-05),-0.000209831+1i*(-0.000130874),4.13088e-05+1i*(-5.02311e-06),1.99341e-06+1i*(-0.00200875),
13.8995,0.0368681+1i*(0.019158),0.00297226+1i*(-0.00228453),0.000934301+1i*(0.000289933),-0.000146316+1i*(0.000326186),0.00269114+1i*(-0.00358992),-3.56796e-05+1i*(4.31649e-05),-0.000211908+1i*(-0.000132999),4.15351e-05+1i*(-5.25994e-06),1.98661e-06+1i*(-0.00202225),
13.9959,0.037248+1i*(0.019523),0.00296022+1i*(-0.00230377),0.000941261+1i*(0.000295553),-0.000146197+1i*(0.000329024),0.00268015+1i*(-0.0035929),-3.59097e-05+1i*(4.36214e-05),-0.000214002+1i*(-0.000135151),4.17615e-05+1i*(-5.49979e-06),1.97901e-06+1i*(-0.00203583),
14.0929,0.0376307+1i*(0.0198929),0.00294808+1i*(-0.00232323),0.000948268+1i*(0.000301239),-0.000146063+1i*(0.000331872),0.00266925+1i*(-0.00359593),-3.61405e-05+1i*(4.4082e-05),-0.000216114+1i*(-0.000137332),4.19878e-05+1i*(-5.74273e-06),1.97057e-06+1i*(-0.00204949),
14.1906,0.0380165+1i*(0.0202678),0.00293585+1i*(-0.00234291),0.000955321+1i*(0.000306989),-0.000145913+1i*(0.000334731),0.00265842+1i*(-0.00359901),-3.6372e-05+1i*(4.45469e-05),-0.000218243+1i*(-0.00013954),4.22142e-05+1i*(-5.98879e-06),1.96128e-06+1i*(-0.00206324),
14.2889,0.0384051+1i*(0.0206477),0.00292352+1i*(-0.00236281),0.000962422+1i*(0.000312806),-0.000145747+1i*(0.000337602),0.00264768+1i*(-0.00360214),-3.66042e-05+1i*(4.5016e-05),-0.000220391+1i*(-0.000141776),4.24404e-05+1i*(-6.23805e-06),1.9511e-06+1i*(-0.00207708),
14.388,0.0387968+1i*(0.0210327),0.00291109+1i*(-0.00238295),0.000969571+1i*(0.000318688),-0.000145566+1i*(0.000340482),0.00263701+1i*(-0.00360533),-3.68369e-05+1i*(4.54893e-05),-0.000222556+1i*(-0.000144041),4.26665e-05+1i*(-6.49057e-06),1.94001e-06+1i*(-0.002091),
14.4877,0.0391915+1i*(0.0214229),0.00289856+1i*(-0.00240331),0.000976767+1i*(0.000324635),-0.000145368+1i*(0.000343373),0.00262643+1i*(-0.00360857),-3.70704e-05+1i*(4.59671e-05),-0.00022474+1i*(-0.000146335),4.28925e-05+1i*(-6.74639e-06),1.92798e-06+1i*(-0.00210501),
14.5881,0.0395892+1i*(0.0218183),0.00288593+1i*(-0.00242391),0.000984012+1i*(0.000330649),-0.000145153+1i*(0.000346274),0.00261593+1i*(-0.00361186),-3.73044e-05+1i*(4.64492e-05),-0.000226943+1i*(-0.000148657),4.31183e-05+1i*(-7.0056e-06),1.91497e-06+1i*(-0.0021191),
14.6893,0.0399901+1i*(0.0222188),0.0028732+1i*(-0.00244475),0.000991305+1i*(0.000336729),-0.000144922+1i*(0.000349186),0.00260551+1i*(-0.00361521),-3.75389e-05+1i*(4.69358e-05),-0.000229165+1i*(-0.000151009),4.33439e-05+1i*(-7.26825e-06),1.90097e-06+1i*(-0.00213329),
14.7911,0.040394+1i*(0.0226247),0.00286036+1i*(-0.00246583),0.000998647+1i*(0.000342874),-0.000144675+1i*(0.000352107),0.00259517+1i*(-0.00361862),-3.7774e-05+1i*(4.74269e-05),-0.000231405+1i*(-0.000153391),4.35692e-05+1i*(-7.53441e-06),1.88593e-06+1i*(-0.00214756),
14.8936,0.0408011+1i*(0.0230359),0.00284741+1i*(-0.00248714),0.00100604+1i*(0.000349086),-0.00014441+1i*(0.000355038),0.00258492+1i*(-0.00362209),-3.80095e-05+1i*(4.79226e-05),-0.000233665+1i*(-0.000155802),4.37942e-05+1i*(-7.80415e-06),1.86982e-06+1i*(-0.00216192),
14.9968,0.0412114+1i*(0.0234524),0.00283436+1i*(-0.00250871),0.00101348+1i*(0.000355364),-0.000144127+1i*(0.000357979),0.00257474+1i*(-0.00362562),-3.82455e-05+1i*(4.84229e-05),-0.000235945+1i*(-0.000158244),4.40188e-05+1i*(-8.07753e-06),1.85262e-06+1i*(-0.00217636),
15.1008,0.0416249+1i*(0.0238744),0.00282119+1i*(-0.00253052),0.00102097+1i*(0.000361708),-0.000143827+1i*(0.000360929),0.00256464+1i*(-0.00362922),-3.84819e-05+1i*(4.8928e-05),-0.000238245+1i*(-0.000160716),4.4243e-05+1i*(-8.35464e-06),1.83428e-06+1i*(-0.0021909),
15.2055,0.0420417+1i*(0.0243019),0.00280791+1i*(-0.00255258),0.00102851+1i*(0.000368119),-0.00014351+1i*(0.000363889),0.00255461+1i*(-0.00363287),-3.87187e-05+1i*(4.94378e-05),-0.000240565+1i*(-0.000163218),4.44668e-05+1i*(-8.63555e-06),1.81478e-06+1i*(-0.00220552),
15.3109,0.0424617+1i*(0.0247348),0.00279451+1i*(-0.00257489),0.0010361+1i*(0.000374595),-0.000143174+1i*(0.000366857),0.00254467+1i*(-0.0036366),-3.89559e-05+1i*(4.99524e-05),-0.000242905+1i*(-0.000165752),4.46901e-05+1i*(-8.92033e-06),1.79407e-06+1i*(-0.00222024),
15.417,0.0428852+1i*(0.0251734),0.002781+1i*(-0.00259746),0.00104374+1i*(0.000381138),-0.000142819+1i*(0.000369835),0.00253481+1i*(-0.00364039),-3.91933e-05+1i*(5.04719e-05),-0.000245267+1i*(-0.000168316),4.49128e-05+1i*(-9.20906e-06),1.77212e-06+1i*(-0.00223504),
15.5239,0.0433119+1i*(0.0256175),0.00276737+1i*(-0.00262029),0.00105144+1i*(0.000387747),-0.000142447+1i*(0.000372821),0.00252502+1i*(-0.00364424),-3.94309e-05+1i*(5.09964e-05),-0.00024765+1i*(-0.000170912),4.51349e-05+1i*(-9.50182e-06),1.7489e-06+1i*(-0.00224994),
15.6315,0.0437422+1i*(0.0260673),0.00275361+1i*(-0.00264339),0.00105918+1i*(0.000394421),-0.000142055+1i*(0.000375816),0.00251531+1i*(-0.00364817),-3.96687e-05+1i*(5.15259e-05),-0.000250054+1i*(-0.00017354),4.53563e-05+1i*(-9.7987e-06),1.72435e-06+1i*(-0.00226492),
15.7398,0.0441759+1i*(0.0265229),0.00273973+1i*(-0.00266674),0.00106698+1i*(0.000401162),-0.000141644+1i*(0.000378819),0.00250568+1i*(-0.00365216),-3.99067e-05+1i*(5.20605e-05),-0.00025248+1i*(-0.0001762),4.55769e-05+1i*(-1.00998e-05),1.69846e-06+1i*(-0.00228),
15.8489,0.0446131+1i*(0.0269842),0.00272572+1i*(-0.00269037),0.00107483+1i*(0.000407968),-0.000141214+1i*(0.00038183),0.00249612+1i*(-0.00365623),-4.01448e-05+1i*(5.26002e-05),-0.000254929+1i*(-0.000178892),4.57968e-05+1i*(-1.04052e-05),1.67116e-06+1i*(-0.00229517),
15.9588,0.0450538+1i*(0.0274513),0.00271159+1i*(-0.00271427),0.00108273+1i*(0.00041484),-0.000140764+1i*(0.000384849),0.00248664+1i*(-0.00366037),-4.03828e-05+1i*(5.31452e-05),-0.0002574+1i*(-0.000181616),4.60158e-05+1i*(-1.07149e-05),1.64243e-06+1i*(-0.00231043),
16.0694,0.0454982+1i*(0.0279243),0.00269732+1i*(-0.00273844),0.00109069+1i*(0.000421778),-0.000140294+1i*(0.000387876),0.00247723+1i*(-0.00366458),-4.06209e-05+1i*(5.36955e-05),-0.000259894+1i*(-0.000184374),4.62338e-05+1i*(-1.10291e-05),1.61221e-06+1i*(-0.00232578),
16.1808,0.0459463+1i*(0.0284032),0.00268291+1i*(-0.00276289),0.0010987+1i*(0.000428781),-0.000139804+1i*(0.00039091),0.0024679+1i*(-0.00366887),-4.08588e-05+1i*(5.42513e-05),-0.000262412+1i*(-0.000187164),4.64508e-05+1i*(-1.13479e-05),1.58046e-06+1i*(-0.00234122),
16.293,0.046398+1i*(0.0288881),0.00266837+1i*(-0.00278762),0.00110677+1i*(0.000435849),-0.000139293+1i*(0.000393951),0.00245864+1i*(-0.00367323),-4.10966e-05+1i*(5.48124e-05),-0.000264954+1i*(-0.000189988),4.66667e-05+1i*(-1.16714e-05),1.54715e-06+1i*(-0.00235676),
16.4059,0.0468536+1i*(0.029379),0.00265368+1i*(-0.00281263),0.00111489+1i*(0.000442982),-0.000138761+1i*(0.000397),0.00244945+1i*(-0.00367767),-4.13341e-05+1i*(5.53792e-05),-0.00026752+1i*(-0.000192846),4.68814e-05+1i*(-1.19996e-05),1.51221e-06+1i*(-0.00237239),
16.5196,0.047313+1i*(0.029876),0.00263885+1i*(-0.00283794),0.00112306+1i*(0.00045018),-0.000138209+1i*(0.000400054),0.00244034+1i*(-0.00368219),-4.15713e-05+1i*(5.59515e-05),-0.00027011+1i*(-0.000195738),4.70949e-05+1i*(-1.23327e-05),1.47561e-06+1i*(-0.00238811),
16.6341,0.0477762+1i*(0.0303792),0.00262387+1i*(-0.00286353),0.0011313+1i*(0.000457443),-0.000137635+1i*(0.000403116),0.0024313+1i*(-0.00368679),-4.18081e-05+1i*(5.65296e-05),-0.000272726+1i*(-0.000198665),4.7307e-05+1i*(-1.26708e-05),1.43728e-06+1i*(-0.00240393),
16.7494,0.0482434+1i*(0.0308885),0.00260874+1i*(-0.00288942),0.00113958+1i*(0.000464769),-0.000137039+1i*(0.000406183),0.00242233+1i*(-0.00369147),-4.20445e-05+1i*(5.71135e-05),-0.000275368+1i*(-0.000201626),4.75176e-05+1i*(-1.3014e-05),1.39719e-06+1i*(-0.00241984),
16.8655,0.0487147+1i*(0.0314041),0.00259346+1i*(-0.0029156),0.00114793+1i*(0.000472159),-0.00013642+1i*(0.000409256),0.00241344+1i*(-0.00369623),-4.22803e-05+1i*(5.77033e-05),-0.000278036+1i*(-0.000204622),4.77267e-05+1i*(-1.33623e-05),1.35528e-06+1i*(-0.00243584),
16.9824,0.04919+1i*(0.031926),0.00257802+1i*(-0.00294209),0.00115634+1i*(0.000479613),-0.00013578+1i*(0.000412334),0.00240461+1i*(-0.00370107),-4.25154e-05+1i*(5.8299e-05),-0.000280731+1i*(-0.000207653),4.79342e-05+1i*(-1.3716e-05),1.31149e-06+1i*(-0.00245194),
17.1002,0.0496695+1i*(0.0324543),0.00256242+1i*(-0.00296888),0.0011648+1i*(0.00048713),-0.000135116+1i*(0.000415418),0.00239585+1i*(-0.003706),-4.27498e-05+1i*(5.89009e-05),-0.000283453+1i*(-0.00021072),4.81399e-05+1i*(-1.40751e-05),1.26578e-06+1i*(-0.00246813),
17.2187,0.0501531+1i*(0.032989),0.00254665+1i*(-0.00299598),0.00117332+1i*(0.000494709),-0.00013443+1i*(0.000418506),0.00238717+1i*(-0.00371101),-4.29834e-05+1i*(5.95089e-05),-0.000286203+1i*(-0.000213823),4.83438e-05+1i*(-1.44397e-05),1.21807e-06+1i*(-0.00248442),
17.338,0.0506411+1i*(0.0335301),0.00253072+1i*(-0.00302339),0.0011819+1i*(0.000502351),-0.00013372+1i*(0.000421599),0.00237855+1i*(-0.00371611),-4.3216e-05+1i*(6.01232e-05),-0.000288981+1i*(-0.000216962),4.85457e-05+1i*(-1.48101e-05),1.16832e-06+1i*(-0.00250081),
17.4582,0.0511334+1i*(0.0340778),0.00251461+1i*(-0.00305112),0.00119055+1i*(0.000510054),-0.000132986+1i*(0.000424696),0.00237+1i*(-0.0037213),-4.34476e-05+1i*(6.07438e-05),-0.000291788+1i*(-0.000220138),4.87455e-05+1i*(-1.51862e-05),1.11647e-06+1i*(-0.00251729),
17.5792,0.0516302+1i*(0.0346321),0.00249832+1i*(-0.00307917),0.00119925+1i*(0.000517819),-0.000132228+1i*(0.000427797),0.00236151+1i*(-0.00372657),-4.3678e-05+1i*(6.13709e-05),-0.000294625+1i*(-0.000223351),4.89431e-05+1i*(-1.55683e-05),1.06244e-06+1i*(-0.00253386),
17.7011,0.0521315+1i*(0.0351931),0.00248186+1i*(-0.00310754),0.00120802+1i*(0.000525644),-0.000131445+1i*(0.000430901),0.0023531+1i*(-0.00373193),-4.39072e-05+1i*(6.20045e-05),-0.000297492+1i*(-0.000226601),4.91384e-05+1i*(-1.59564e-05),1.00619e-06+1i*(-0.00255054),
17.8238,0.0526374+1i*(0.0357608),0.00246521+1i*(-0.00313624),0.00121685+1i*(0.00053353),-0.000130638+1i*(0.000434008),0.00234475+1i*(-0.00373738),-4.41349e-05+1i*(6.26449e-05),-0.000300391+1i*(-0.000229889),4.93312e-05+1i*(-1.63508e-05),9.47633e-07+1i*(-0.00256731),
17.9473,0.053148+1i*(0.0363353),0.00244837+1i*(-0.00316527),0.00122574+1i*(0.000541475),-0.000129805+1i*(0.000437118),0.00233646+1i*(-0.00374292),-4.43611e-05+1i*(6.3292e-05),-0.000303321+1i*(-0.000233215),4.95214e-05+1i*(-1.67515e-05),8.86716e-07+1i*(-0.00258417),
18.0717,0.0536634+1i*(0.0369166),0.00243133+1i*(-0.00319463),0.0012347+1i*(0.000549479),-0.000128946+1i*(0.00044023),0.00232824+1i*(-0.00374855),-4.45857e-05+1i*(6.3946e-05),-0.000306283+1i*(-0.000236579),4.97088e-05+1i*(-1.71587e-05),8.23365e-07+1i*(-0.00260113),
18.197,0.0541837+1i*(0.0375048),0.0024141+1i*(-0.00322434),0.00124372+1i*(0.000557542),-0.000128061+1i*(0.000443343),0.00232008+1i*(-0.00375428),-4.48084e-05+1i*(6.4607e-05),-0.000309278+1i*(-0.000239982),4.98934e-05+1i*(-1.75726e-05),7.5751e-07+1i*(-0.00261819),
18.3231,0.0547089+1i*(0.0381001),0.00239666+1i*(-0.00325439),0.00125281+1i*(0.000565662),-0.000127149+1i*(0.000446458),0.00231199+1i*(-0.00376009),-4.50292e-05+1i*(6.52752e-05),-0.000312307+1i*(-0.000243425),5.00748e-05+1i*(-1.79933e-05),6.89076e-07+1i*(-0.00263535),
18.4502,0.0552392+1i*(0.0387023),0.00237901+1i*(-0.00328478),0.00126196+1i*(0.000573838),-0.000126211+1i*(0.000449573),0.00230396+1i*(-0.00376601),-4.52479e-05+1i*(6.59505e-05),-0.000315371+1i*(-0.000246906),5.02531e-05+1i*(-1.84209e-05),6.17989e-07+1i*(-0.00265261),
18.578,0.0557746+1i*(0.0393117),0.00236115+1i*(-0.00331553),0.00127119+1i*(0.000582071),-0.000125244+1i*(0.000452689),0.00229599+1i*(-0.00377201),-4.54644e-05+1i*(6.66333e-05),-0.000318471+1i*(-0.000250428),5.04279e-05+1i*(-1.88557e-05),5.44171e-07+1i*(-0.00266996),
18.7068,0.0563154+1i*(0.0399282),0.00234307+1i*(-0.00334664),0.00128048+1i*(0.000590359),-0.00012425+1i*(0.000455805),0.00228808+1i*(-0.00377812),-4.56784e-05+1i*(6.73235e-05),-0.000321606+1i*(-0.000253989),5.05992e-05+1i*(-1.92978e-05),4.67542e-07+1i*(-0.00268741),
18.8365,0.0568615+1i*(0.040552),0.00232476+1i*(-0.0033781),0.00128984+1i*(0.000598701),-0.000123228+1i*(0.00045892),0.00228024+1i*(-0.00378432),-4.58898e-05+1i*(6.80214e-05),-0.000324779+1i*(-0.000257592),5.07667e-05+1i*(-1.97473e-05),3.88021e-07+1i*(-0.00270496),
18.9671,0.0574131+1i*(0.0411831),0.00230622+1i*(-0.00340993),0.00129928+1i*(0.000607096),-0.000122177+1i*(0.000462033),0.00227245+1i*(-0.00379061),-4.60984e-05+1i*(6.8727e-05),-0.00032799+1i*(-0.000261235),5.09302e-05+1i*(-2.02045e-05),3.05523e-07+1i*(-0.0027226),
19.0985,0.0579703+1i*(0.0418216),0.00228744+1i*(-0.00344214),0.00130878+1i*(0.000615544),-0.000121096+1i*(0.000465144),0.00226472+1i*(-0.00379701),-4.63041e-05+1i*(6.94405e-05),-0.00033124+1i*(-0.00026492),5.10896e-05+1i*(-2.06695e-05),2.1996e-07+1i*(-0.00274035),
19.2309,0.0585333+1i*(0.0424676),0.00226842+1i*(-0.00347471),0.00131836+1i*(0.000624043),-0.000119985+1i*(0.000468253),0.00225705+1i*(-0.0038035),-4.65066e-05+1i*(7.0162e-05),-0.00033453+1i*(-0.000268647),5.12446e-05+1i*(-2.11425e-05),1.31245e-07+1i*(-0.00275819),
19.3642,0.059102+1i*(0.043121),0.00224915+1i*(-0.00350767),0.00132801+1i*(0.000632592),-0.000118845+1i*(0.000471359),0.00224943+1i*(-0.00381009),-4.67057e-05+1i*(7.08917e-05),-0.000337862+1i*(-0.000272416),5.13951e-05+1i*(-2.16238e-05),3.92841e-08+1i*(-0.00277614),
19.4984,0.0596768+1i*(0.0437821),0.00222963+1i*(-0.00354101),0.00133774+1i*(0.000641191),-0.000117673+1i*(0.000474461),0.00224188+1i*(-0.00381679),-4.69012e-05+1i*(7.16297e-05),-0.000341235+1i*(-0.000276228),5.15407e-05+1i*(-2.21134e-05),-5.60164e-08+1i*(-0.00279418),
19.6336,0.0602577+1i*(0.0444509),0.00220983+1i*(-0.00357473),0.00134754+1i*(0.000649837),-0.00011647+1i*(0.000477559),0.00223438+1i*(-0.00382358),-4.70929e-05+1i*(7.23761e-05),-0.000344652+1i*(-0.000280083),5.16813e-05+1i*(-2.26117e-05),-1.54754e-07+1i*(-0.00281232),
19.7697,0.0608449+1i*(0.0451274),0.00218977+1i*(-0.00360885),0.00135742+1i*(0.00065853),-0.000115235+1i*(0.000480652),0.00222693+1i*(-0.00383048),-4.72805e-05+1i*(7.31312e-05),-0.000348112+1i*(-0.000283982),5.18166e-05+1i*(-2.31188e-05),-2.57029e-07+1i*(-0.00283055),
19.9067,0.0614384+1i*(0.0458118),0.00216943+1i*(-0.00364338),0.00136738+1i*(0.000667268),-0.000113968+1i*(0.000483738),0.00221954+1i*(-0.00383748),-4.74639e-05+1i*(7.3895e-05),-0.000351619+1i*(-0.000287925),5.19464e-05+1i*(-2.36349e-05),-3.62944e-07+1i*(-0.00284889),
20.0447,0.0620385+1i*(0.0465041),0.00214881+1i*(-0.0036783),0.00137742+1i*(0.00067605),-0.000112667+1i*(0.000486818),0.0022122+1i*(-0.00384458),-4.76427e-05+1i*(7.46677e-05),-0.000355172+1i*(-0.000291912),5.20703e-05+1i*(-2.41603e-05),-4.72606e-07+1i*(-0.00286733),
20.1837,0.0626453+1i*(0.0472044),0.00212789+1i*(-0.00371363),0.00138753+1i*(0.000684874),-0.000111333+1i*(0.000489891),0.00220491+1i*(-0.00385178),-4.78166e-05+1i*(7.54496e-05),-0.000358773+1i*(-0.000295944),5.21882e-05+1i*(-2.46951e-05),-5.86123e-07+1i*(-0.00288586),
20.3236,0.0632589+1i*(0.0479127),0.00210667+1i*(-0.00374938),0.00139773+1i*(0.00069374),-0.000109965+1i*(0.000492955),0.00219767+1i*(-0.00385909),-4.79855e-05+1i*(7.62406e-05),-0.000362424+1i*(-0.000300022),5.22997e-05+1i*(-2.52397e-05),-7.03609e-07+1i*(-0.0029045),
20.4644,0.0638795+1i*(0.0486292),0.00208513+1i*(-0.00378555),0.00140802+1i*(0.000702644),-0.000108562+1i*(0.000496011),0.00219049+1i*(-0.00386651),-4.8149e-05+1i*(7.70412e-05),-0.000366125+1i*(-0.000304146),5.24045e-05+1i*(-2.57943e-05),-8.25178e-07+1i*(-0.00292323),
20.6063,0.0645074+1i*(0.049354),0.00206328+1i*(-0.00382214),0.00141838+1i*(0.000711587),-0.000107124+1i*(0.000499056),0.00218335+1i*(-0.00387402),-4.83067e-05+1i*(7.78513e-05),-0.000369878+1i*(-0.000308316),5.25023e-05+1i*(-2.6359e-05),-9.50951e-07+1i*(-0.00294206),
20.7491,0.0651425+1i*(0.0500871),0.0020411+1i*(-0.00385917),0.00142884+1i*(0.000720565),-0.000105649+1i*(0.000502091),0.00217626+1i*(-0.00388165),-4.84585e-05+1i*(7.86712e-05),-0.000373685+1i*(-0.000312533),5.25928e-05+1i*(-2.69342e-05),-1.08105e-06+1i*(-0.002961),
20.893,0.0657852+1i*(0.0508286),0.00201859+1i*(-0.00389663),0.00143938+1i*(0.000729578),-0.000104138+1i*(0.000505114),0.00216922+1i*(-0.00388938),-4.8604e-05+1i*(7.95011e-05),-0.000377546+1i*(-0.000316797),5.26757e-05+1i*(-2.75202e-05),-1.2156e-06+1i*(-0.00298003),
21.0378,0.0664356+1i*(0.0515786),0.00199572+1i*(-0.00393453),0.00145001+1i*(0.000738623),-0.000102589+1i*(0.000508124),0.00216223+1i*(-0.00389722),-4.87427e-05+1i*(8.03412e-05),-0.000381464+1i*(-0.00032111),5.27505e-05+1i*(-2.81171e-05),-1.35473e-06+1i*(-0.00299915),
21.1836,0.067094+1i*(0.0523372),0.0019725+1i*(-0.00397288),0.00146072+1i*(0.000747698),-0.000101003+1i*(0.00051112),0.00215529+1i*(-0.00390516),-4.88745e-05+1i*(8.11916e-05),-0.000385441+1i*(-0.000325471),5.2817e-05+1i*(-2.87253e-05),-1.49858e-06+1i*(-0.00301838),
21.3304,0.0677604+1i*(0.0531045),0.00194892+1i*(-0.00401169),0.00147153+1i*(0.000756801),-9.93776e-05+1i*(0.000514101),0.00214839+1i*(-0.00391321),-4.89988e-05+1i*(8.20526e-05),-0.000389477+1i*(-0.000329881),5.28747e-05+1i*(-2.93451e-05),-1.64728e-06+1i*(-0.00303771),
21.4783,0.0684351+1i*(0.0538806),0.00192495+1i*(-0.00405095),0.00148244+1i*(0.00076593),-9.77128e-05+1i*(0.000517067),0.00214153+1i*(-0.00392137),-4.91153e-05+1i*(8.29243e-05),-0.000393575+1i*(-0.00033434),5.29232e-05+1i*(-2.99767e-05),-1.80097e-06+1i*(-0.00305713),
21.6272,0.0691184+1i*(0.0546655),0.0019006+1i*(-0.00409068),0.00149343+1i*(0.000775082),-9.60079e-05+1i*(0.000520015),0.00213472+1i*(-0.00392964),-4.92236e-05+1i*(8.3807e-05),-0.000397736+1i*(-0.00033885),5.29622e-05+1i*(-3.06204e-05),-1.95981e-06+1i*(-0.00307665),
21.7771,0.0698104+1i*(0.0554595),0.00187584+1i*(-0.00413089),0.00150452+1i*(0.000784256),-9.4262e-05+1i*(0.000522944),0.00212795+1i*(-0.00393801),-4.93233e-05+1i*(8.4701e-05),-0.000401963+1i*(-0.000343411),5.29911e-05+1i*(-3.12767e-05),-2.12393e-06+1i*(-0.00309627),
21.928,0.0705114+1i*(0.0562625),0.00185067+1i*(-0.00417157),0.00151571+1i*(0.000793449),-9.24744e-05+1i*(0.000525854),0.00212122+1i*(-0.0039465),-4.94139e-05+1i*(8.56063e-05),-0.000406257+1i*(-0.000348022),5.30096e-05+1i*(-3.19457e-05),-2.29351e-06+1i*(-0.00311599),
22.08,0.0712216+1i*(0.0570746),0.00182508+1i*(-0.00421273),0.001527+1i*(0.000802658),-9.06443e-05+1i*(0.000528744),0.00211453+1i*(-0.00395509),-4.94949e-05+1i*(8.65233e-05),-0.00041062+1i*(-0.000352686),5.30172e-05+1i*(-3.26278e-05),-2.46869e-06+1i*(-0.00313581),
22.2331,0.0719412+1i*(0.0578961),0.00179905+1i*(-0.00425439),0.00153838+1i*(0.00081188),-8.87709e-05+1i*(0.00053161),0.00210788+1i*(-0.00396379),-4.9566e-05+1i*(8.74522e-05),-0.000415055+1i*(-0.000357402),5.30133e-05+1i*(-3.33234e-05),-2.64964e-06+1i*(-0.00315572),
22.3872,0.0726705+1i*(0.0587269),0.00177257+1i*(-0.00429654),0.00154987+1i*(0.000821113),-8.68534e-05+1i*(0.000534453),0.00210127+1i*(-0.0039726),-4.96265e-05+1i*(8.83932e-05),-0.000419563+1i*(-0.000362172),5.29976e-05+1i*(-3.40328e-05),-2.83652e-06+1i*(-0.00317573),
22.5424,0.0734098+1i*(0.0595672),0.00174562+1i*(-0.0043392),0.00156146+1i*(0.000830354),-8.48909e-05+1i*(0.000537271),0.0020947+1i*(-0.00398152),-4.96761e-05+1i*(8.93466e-05),-0.000424148+1i*(-0.000366995),5.29693e-05+1i*(-3.47564e-05),-3.02953e-06+1i*(-0.00319584),
22.6986,0.0741593+1i*(0.0604171),0.00171819+1i*(-0.00438237),0.00157316+1i*(0.000839598),-8.28825e-05+1i*(0.000540062),0.00208817+1i*(-0.00399055),-4.9714e-05+1i*(9.03126e-05),-0.00042881+1i*(-0.000371872),5.29281e-05+1i*(-3.54945e-05),-3.22882e-06+1i*(-0.00321604),
22.856,0.0749193+1i*(0.0612766),0.00169027+1i*(-0.00442606),0.00158496+1i*(0.000848844),-8.08274e-05+1i*(0.000542825),0.00208167+1i*(-0.00399969),-4.97398e-05+1i*(9.12915e-05),-0.000433553+1i*(-0.000376804),5.28732e-05+1i*(-3.62475e-05),-3.43459e-06+1i*(-0.00323633),
23.0144,0.0756901+1i*(0.062146),0.00166184+1i*(-0.00447027),0.00159687+1i*(0.000858088),-7.87247e-05+1i*(0.000545557),0.0020752+1i*(-0.00400894),-4.97528e-05+1i*(9.22835e-05),-0.000438379+1i*(-0.000381793),5.28042e-05+1i*(-3.70158e-05),-3.64703e-06+1i*(-0.00325673),
23.1739,0.076472+1i*(0.0630253),0.00163289+1i*(-0.00451502),0.00160888+1i*(0.000867326),-7.65734e-05+1i*(0.000548258),0.00206877+1i*(-0.0040183),-4.97525e-05+1i*(9.3289e-05),-0.000443291+1i*(-0.000386837),5.27203e-05+1i*(-3.77999e-05),-3.86633e-06+1i*(-0.00327721),
23.3346,0.0772653+1i*(0.0639146),0.00160339+1i*(-0.0045603),0.00162101+1i*(0.000876554),-7.43726e-05+1i*(0.000550925),0.00206237+1i*(-0.00402777),-4.97381e-05+1i*(9.43083e-05),-0.000448292+1i*(-0.000391938),5.2621e-05+1i*(-3.86001e-05),-4.09269e-06+1i*(-0.0032978),
23.4963,0.0780703+1i*(0.0648141),0.00157333+1i*(-0.00460613),0.00163325+1i*(0.000885768),-7.21213e-05+1i*(0.000553557),0.00205601+1i*(-0.00403735),-4.97091e-05+1i*(9.53415e-05),-0.000453384+1i*(-0.000397097),5.25055e-05+1i*(-3.94169e-05),-4.32633e-06+1i*(-0.00331847),
23.6592,0.0788873+1i*(0.0657238),0.0015427+1i*(-0.00465251),0.00164561+1i*(0.000894965),-6.98185e-05+1i*(0.00055615),0.00204967+1i*(-0.00404704),-4.96646e-05+1i*(9.6389e-05),-0.000458571+1i*(-0.000402315),5.23732e-05+1i*(-4.02507e-05),-4.56745e-06+1i*(-0.00333924),
23.8232,0.0797168+1i*(0.0666439),0.00151147+1i*(-0.00469945),0.00165808+1i*(0.00090414),-6.74631e-05+1i*(0.000558705),0.00204336+1i*(-0.00405684),-4.96041e-05+1i*(9.74511e-05),-0.000463855+1i*(-0.000407591),5.22232e-05+1i*(-4.1102e-05),-4.81628e-06+1i*(-0.0033601),
23.9883,0.0805589+1i*(0.0675745),0.00147963+1i*(-0.00474696),0.00167066+1i*(0.000913288),-6.50541e-05+1i*(0.000561217),0.00203709+1i*(-0.00406675),-4.95266e-05+1i*(9.85282e-05),-0.00046924+1i*(-0.000412927),5.20549e-05+1i*(-4.19712e-05),-5.07304e-06+1i*(-0.00338105),
24.1546,0.0814142+1i*(0.0685157),0.00144715+1i*(-0.00479504),0.00168337+1i*(0.000922405),-6.25905e-05+1i*(0.000563685),0.00203083+1i*(-0.00407676),-4.94315e-05+1i*(9.96206e-05),-0.000474729+1i*(-0.000418324),5.18673e-05+1i*(-4.28589e-05),-5.33796e-06+1i*(-0.00340209),
24.322,0.082283+1i*(0.0694676),0.00141402+1i*(-0.00484371),0.00169619+1i*(0.000931486),-6.00711e-05+1i*(0.000566107),0.00202461+1i*(-0.00408689),-4.93178e-05+1i*(0.000100728),-0.000480325+1i*(-0.000423782),5.16598e-05+1i*(-4.37655e-05),-5.6113e-06+1i*(-0.00342323),
24.4906,0.0831657+1i*(0.0704304),0.00138021+1i*(-0.00489297),0.00170913+1i*(0.000940526),-5.74947e-05+1i*(0.00056848),0.00201841+1i*(-0.00409712),-4.91848e-05+1i*(0.000101852),-0.000486033+1i*(-0.000429302),5.14313e-05+1i*(-4.46917e-05),-5.89329e-06+1i*(-0.00344445),
24.6604,0.0840626+1i*(0.0714042),0.00134571+1i*(-0.00494282),0.0017222+1i*(0.000949518),-5.48603e-05+1i*(0.000570801),0.00201223+1i*(-0.00410747),-4.90314e-05+1i*(0.000102993),-0.000491856+1i*(-0.000434885),5.1181e-05+1i*(-4.56378e-05),-6.18418e-06+1i*(-0.00346576),
24.8313,0.0849743+1i*(0.0723892),0.00131048+1i*(-0.00499328),0.00173539+1i*(0.000958459),-5.21667e-05+1i*(0.000573068),0.00200607+1i*(-0.00411792),-4.88567e-05+1i*(0.000104149),-0.000497797+1i*(-0.000440532),5.09079e-05+1i*(-4.66045e-05),-6.48425e-06+1i*(-0.00348715),
25.0035,0.0859011+1i*(0.0733853),0.0012745+1i*(-0.00504435),0.00174871+1i*(0.000967341),-4.94126e-05+1i*(0.000575278),0.00199994+1i*(-0.00412848),-4.86598e-05+1i*(0.000105323),-0.000503862+1i*(-0.000446242),5.0611e-05+1i*(-4.75923e-05),-6.79377e-06+1i*(-0.00350864),
25.1768,0.0868435+1i*(0.0743928),0.00123775+1i*(-0.00509604),0.00176215+1i*(0.000976158),-4.65968e-05+1i*(0.000577428),0.00199383+1i*(-0.00413914),-4.84395e-05+1i*(0.000106514),-0.000510054+1i*(-0.000452018),5.02893e-05+1i*(-4.86019e-05),-7.113e-06+1i*(-0.00353021),
25.3513,0.087802+1i*(0.0754119),0.00120021+1i*(-0.00514836),0.00177572+1i*(0.000984905),-4.3718e-05+1i*(0.000579515),0.00198773+1i*(-0.00414991),-4.81949e-05+1i*(0.000107723),-0.000516378+1i*(-0.000457859),4.99417e-05+1i*(-4.96338e-05),-7.44224e-06+1i*(-0.00355186),
25.527,0.088777+1i*(0.0764426),0.00116184+1i*(-0.00520132),0.00178941+1i*(0.000993573),-4.0775e-05+1i*(0.000581535),0.00198166+1i*(-0.00416079),-4.79247e-05+1i*(0.000108951),-0.000522838+1i*(-0.000463767),4.9567e-05+1i*(-5.06887e-05),-7.78178e-06+1i*(-0.0035736),
25.704,0.0897692+1i*(0.077485),0.00112262+1i*(-0.00525492),0.00180324+1i*(0.00100216),-3.77663e-05+1i*(0.000583486),0.0019756+1i*(-0.00417177),-4.76278e-05+1i*(0.000110197),-0.000529439+1i*(-0.000469743),4.9164e-05+1i*(-5.17673e-05),-8.13193e-06+1i*(-0.00359541),
25.8821,0.0907789+1i*(0.0785393),0.00108252+1i*(-0.00530917),0.0018172+1i*(0.00101065),-3.46907e-05+1i*(0.000585363),0.00196955+1i*(-0.00418286),-4.73029e-05+1i*(0.000111462),-0.000536187+1i*(-0.000475786),4.87316e-05+1i*(-5.28701e-05),-8.493e-06+1i*(-0.00361731),
26.0615,0.0918067+1i*(0.0796057),0.0010415+1i*(-0.00536408),0.00183128+1i*(0.00101904),-3.15467e-05+1i*(0.000587163),0.00196352+1i*(-0.00419405),-4.69487e-05+1i*(0.000112746),-0.000543086+1i*(-0.000481899),4.82683e-05+1i*(-5.3998e-05),-8.8653e-06+1i*(-0.00363929),
26.2422,0.0928533+1i*(0.0806843),0.000999537+1i*(-0.00541965),0.0018455+1i*(0.00102732),-2.83329e-05+1i*(0.000588883),0.0019575+1i*(-0.00420534),-4.65639e-05+1i*(0.000114051),-0.000550142+1i*(-0.000488081),4.77729e-05+1i*(-5.51516e-05),-9.24918e-06+1i*(-0.00366134),
26.4241,0.0939191+1i*(0.0817752),0.000956598+1i*(-0.00547589),0.00185985+1i*(0.00103548),-2.50479e-05+1i*(0.000590517),0.00195149+1i*(-0.00421674),-4.61471e-05+1i*(0.000115376),-0.000557361+1i*(-0.000494334),4.72439e-05+1i*(-5.63317e-05),-9.64497e-06+1i*(-0.00368347),
26.6073,0.0950049+1i*(0.0828785),0.000912646+1i*(-0.00553282),0.00187433+1i*(0.00104352),-2.16902e-05+1i*(0.000592062),0.00194549+1i*(-0.00422823),-4.56967e-05+1i*(0.000116721),-0.000564749+1i*(-0.000500659),4.66798e-05+1i*(-5.75391e-05),-1.0053e-05+1i*(-0.00370567),
26.7917,0.0961111+1i*(0.0839943),0.000867645+1i*(-0.00559043),0.00188895+1i*(0.00105142),-1.82583e-05+1i*(0.000593513),0.0019395+1i*(-0.00423983),-4.52112e-05+1i*(0.000118089),-0.000572312+1i*(-0.000507055),4.60791e-05+1i*(-5.87745e-05),-1.04737e-05+1i*(-0.00372795),
26.9774,0.0972386+1i*(0.0851229),0.000821558+1i*(-0.00564874),0.00190369+1i*(0.00105918),-1.47506e-05+1i*(0.000594866),0.00193352+1i*(-0.00425152),-4.46889e-05+1i*(0.000119478),-0.000580057+1i*(-0.000513524),4.54401e-05+1i*(-6.00388e-05),-1.09073e-05+1i*(-0.00375029),
27.1644,0.0983879+1i*(0.0862644),0.000774346+1i*(-0.00570775),0.00191857+1i*(0.00106677),-1.11656e-05+1i*(0.000596115),0.00192754+1i*(-0.00426331),-4.41282e-05+1i*(0.000120889),-0.00058799+1i*(-0.000520067),4.47612e-05+1i*(-6.13329e-05),-1.13544e-05+1i*(-0.00377271),
27.3527,0.0995598+1i*(0.0874188),0.000725968+1i*(-0.00576746),0.00193358+1i*(0.00107421),-7.50165e-06+1i*(0.000597256),0.00192156+1i*(-0.0042752),-4.35272e-05+1i*(0.000122324),-0.000596119+1i*(-0.000526684),4.40404e-05+1i*(-6.26576e-05),-1.18152e-05+1i*(-0.00379519),
27.5423,0.100755+1i*(0.0885864),0.000676381+1i*(-0.00582789),0.00194872+1i*(0.00108146),-3.75716e-06+1i*(0.000598283),0.00191559+1i*(-0.00428718),-4.28841e-05+1i*(0.000123782),-0.000604451+1i*(-0.000533376),4.3276e-05+1i*(-6.40138e-05),-1.22901e-05+1i*(-0.00381773),
27.7332,0.101974+1i*(0.0897671),0.000625542+1i*(-0.00588903),0.00196399+1i*(0.00108852),6.95323e-08+1i*(0.000599189),0.00190962+1i*(-0.00429926),-4.21969e-05+1i*(0.000125265),-0.000612995+1i*(-0.000540144),4.2466e-05+1i*(-6.54026e-05),-1.27796e-05+1i*(-0.00384034),
27.9254,0.103218+1i*(0.0909613),0.000573403+1i*(-0.0059509),0.00197938+1i*(0.00109538),3.98011e-06+1i*(0.00059997),0.00190364+1i*(-0.00431142),-4.14635e-05+1i*(0.000126772),-0.000621757+1i*(-0.000546988),4.16083e-05+1i*(-6.68249e-05),-1.32842e-05+1i*(-0.00386301),
28.119,0.104488+1i*(0.0921689),0.000519917+1i*(-0.0060135),0.0019949+1i*(0.00110202),7.97628e-06+1i*(0.000600619),0.00189767+1i*(-0.00432368),-4.06817e-05+1i*(0.000128304),-0.000630747+1i*(-0.000553909),4.07008e-05+1i*(-6.82817e-05),-1.38041e-05+1i*(-0.00388573),
28.3139,0.105785+1i*(0.0933902),0.000465032+1i*(-0.00607683),0.00201054+1i*(0.00110842),1.20598e-05+1i*(0.000601129),0.00189169+1i*(-0.00433602),-3.98494e-05+1i*(0.000129862),-0.000639975+1i*(-0.000560907),3.97411e-05+1i*(-6.97741e-05),-1.434e-05+1i*(-0.0039085),
28.5102,0.107108+1i*(0.0946252),0.000408696+1i*(-0.0061409),0.0020263+1i*(0.00111459),1.62323e-05+1i*(0.000601494),0.0018857+1i*(-0.00434846),-3.8964e-05+1i*(0.000131447),-0.000649449+1i*(-0.000567984),3.87269e-05+1i*(-7.13033e-05),-1.48922e-05+1i*(-0.00393133),
28.7078,0.10846+1i*(0.095874),0.000350855+1i*(-0.00620571),0.00204218+1i*(0.00112049),2.04957e-05+1i*(0.000601705),0.00187971+1i*(-0.00436097),-3.80231e-05+1i*(0.00013306),-0.000659179+1i*(-0.000575139),3.76558e-05+1i*(-7.28702e-05),-1.54612e-05+1i*(-0.00395421),
28.9068,0.109842+1i*(0.0971368),0.000291451+1i*(-0.00627127),0.00205817+1i*(0.00112611),2.48517e-05+1i*(0.000601755),0.00187371+1i*(-0.00437357),-3.7024e-05+1i*(0.0001347),-0.000669175+1i*(-0.000582374),3.6525e-05+1i*(-7.44763e-05),-1.60475e-05+1i*(-0.00397713),
29.1072,0.111254+1i*(0.0984137),0.000230423+1i*(-0.00633757),0.00207427+1i*(0.00113143),2.93021e-05+1i*(0.000601636),0.00186769+1i*(-0.00438624),-3.5964e-05+1i*(0.000136369),-0.00067945+1i*(-0.000589687),3.53318e-05+1i*(-7.61226e-05),-1.66515e-05+1i*(-0.0040001),
29.3089,0.112697+1i*(0.0997047),0.000167708+1i*(-0.00640461),0.00209047+1i*(0.00113645),3.38487e-05+1i*(0.00060134),0.00186167+1i*(-0.004399),-3.48402e-05+1i*(0.000138067),-0.000690014+1i*(-0.00059708),3.40733e-05+1i*(-7.78104e-05),-1.72739e-05+1i*(-0.0040231),
29.5121,0.114173+1i*(0.10101),0.000103242+1i*(-0.0064724),0.00210677+1i*(0.00114113),3.84933e-05+1i*(0.000600857),0.00185562+1i*(-0.00441183),-3.36494e-05+1i*(0.000139795),-0.000700879+1i*(-0.000604553),3.27465e-05+1i*(-7.95411e-05),-1.7915e-05+1i*(-0.00404613),
29.7167,0.115682+1i*(0.10233),3.69555e-05+1i*(-0.00654094),0.00212316+1i*(0.00114546),4.32377e-05+1i*(0.000600177),0.00184956+1i*(-0.00442473),-3.23885e-05+1i*(0.000141555),-0.000712057+1i*(-0.000612106),3.13481e-05+1i*(-8.13161e-05),-1.85755e-05+1i*(-0.0040692),
29.9226,0.117226+1i*(0.103664),-3.12236e-05+1i*(-0.00661022),0.00213963+1i*(0.00114942),4.80837e-05+1i*(0.000599292),0.00184348+1i*(-0.0044377),-3.10541e-05+1i*(0.000143346),-0.000723563+1i*(-0.000619739),2.98747e-05+1i*(-8.31369e-05),-1.92558e-05+1i*(-0.0040923),
30.1301,0.118806+1i*(0.105012),-0.00010137+1i*(-0.00668024),0.00215617+1i*(0.00115298),5.30331e-05+1i*(0.000598189),0.00183738+1i*(-0.00445073),-2.96426e-05+1i*(0.000145169),-0.000735411+1i*(-0.000627451),2.83229e-05+1i*(-8.50048e-05),-1.99566e-05+1i*(-0.00411541),
30.3389,0.120423+1i*(0.106375),-0.000173563+1i*(-0.006751),0.00217278+1i*(0.00115612),5.80877e-05+1i*(0.000596858),0.00183126+1i*(-0.00446383),-2.81503e-05+1i*(0.000147026),-0.000747614+1i*(-0.000635243),2.66888e-05+1i*(-8.69214e-05),-2.06783e-05+1i*(-0.00413855),
30.5492,0.122079+1i*(0.107753),-0.000247884+1i*(-0.00682248),0.00218944+1i*(0.00115882),6.32492e-05+1i*(0.000595287),0.00182511+1i*(-0.00447699),-2.65731e-05+1i*(0.000148917),-0.000760189+1i*(-0.000643113),2.49684e-05+1i*(-8.88885e-05),-2.14215e-05+1i*(-0.0041617),
30.761,0.123775+1i*(0.109145),-0.00032442+1i*(-0.00689468),0.00220614+1i*(0.00116105),6.85192e-05+1i*(0.000593463),0.00181893+1i*(-0.0044902),-2.49069e-05+1i*(0.000150843),-0.000773151+1i*(-0.000651062),2.31577e-05+1i*(-9.09076e-05),-2.21868e-05+1i*(-0.00418485),
30.9742,0.125512+1i*(0.110551),-0.00040326+1i*(-0.00696759),0.00222286+1i*(0.00116279),7.38995e-05+1i*(0.000591373),0.00181272+1i*(-0.00450346),-2.31473e-05+1i*(0.000152805),-0.000786519+1i*(-0.000659088),2.12521e-05+1i*(-9.29805e-05),-2.29749e-05+1i*(-0.00420801),
31.1889,0.127293+1i*(0.111972),-0.0004845+1i*(-0.0070412),0.0022396+1i*(0.001164),7.93915e-05+1i*(0.000589003),0.00180648+1i*(-0.00451678),-2.12896e-05+1i*(0.000154804),-0.000800309+1i*(-0.00066719),1.92471e-05+1i*(-9.5109e-05),-2.37862e-05+1i*(-0.00423117),
31.4051,0.129118+1i*(0.113408),-0.000568239+1i*(-0.00711549),0.00225633+1i*(0.00116466),8.49968e-05+1i*(0.000586339),0.00180021+1i*(-0.00453013),-1.93289e-05+1i*(0.000156841),-0.000814542+1i*(-0.000675367),1.71377e-05+1i*(-9.72951e-05),-2.46213e-05+1i*(-0.00425432),
31.6228,0.130989+1i*(0.114858),-0.00065458+1i*(-0.00719044),0.00227304+1i*(0.00116473),9.07167e-05+1i*(0.000583363),0.00179389+1i*(-0.00454352),-1.72601e-05+1i*(0.000158917),-0.000829238+1i*(-0.000683617),1.49188e-05+1i*(-9.95407e-05),-2.5481e-05+1i*(-0.00427745),
31.842,0.132908+1i*(0.116323),-0.000743631+1i*(-0.00726604),0.0022897+1i*(0.00116419),9.65525e-05+1i*(0.00058006),0.00178754+1i*(-0.00455695),-1.50775e-05+1i*(0.000161033),-0.000844418+1i*(-0.000691938),1.25848e-05+1i*(-0.000101848),-2.63657e-05+1i*(-0.00430056),
32.0627,0.134876+1i*(0.117802),-0.000835508+1i*(-0.00734226),0.00230629+1i*(0.00116299),0.000102505+1i*(0.000576412),0.00178114+1i*(-0.00457041),-1.27754e-05+1i*(0.000163189),-0.000860104+1i*(-0.000700328),1.01299e-05+1i*(-0.000104219),-2.72761e-05+1i*(-0.00432364),
32.2849,0.136897+1i*(0.119295),-0.000930329+1i*(-0.00741906),0.00232278+1i*(0.00116111),0.000108576+1i*(0.0005724),0.0017747+1i*(-0.00458389),-1.03477e-05+1i*(0.000165387),-0.00087632+1i*(-0.000708785),7.5479e-06+1i*(-0.000106655),-2.82128e-05+1i*(-0.00434669),
32.5087,0.13897+1i*(0.120802),-0.00102822+1i*(-0.00749643),0.00233915+1i*(0.0011585),0.000114766+1i*(0.000568004),0.0017682+1i*(-0.00459739),-7.7878e-06+1i*(0.000167628),-0.000893092+1i*(-0.000717304),4.83235e-06+1i*(-0.00010916),-2.91763e-05+1i*(-0.00436969),
32.7341,0.1411+1i*(0.122322),-0.00112931+1i*(-0.00757432),0.00235537+1i*(0.00115512),0.000121075+1i*(0.000563204),0.00176166+1i*(-0.00461089),-5.08881e-06+1i*(0.000169914),-0.000910446+1i*(-0.000725882),1.97628e-06+1i*(-0.000111736),-3.01672e-05+1i*(-0.00439264),
32.961,0.143286+1i*(0.123856),-0.00123374+1i*(-0.0076527),0.00237139+1i*(0.00115093),0.000127504+1i*(0.000557975),0.00175506+1i*(-0.00462441),-2.2434e-06+1i*(0.000172244),-0.00092841+1i*(-0.000734516),-1.02768e-06+1i*(-0.000114385),-3.11862e-05+1i*(-0.00441553),
33.1894,0.145533+1i*(0.125404),-0.00134166+1i*(-0.00773151),0.00238719+1i*(0.00114588),0.000134052+1i*(0.000552295),0.0017484+1i*(-0.00463792),7.56205e-07+1i*(0.000174621),-0.000947015+1i*(-0.000743199),-4.18733e-06+1i*(-0.00011711),-3.22338e-05+1i*(-0.00443835),
33.4195,0.147842+1i*(0.126964),-0.00145321+1i*(-0.00781071),0.00240271+1i*(0.00113994),0.00014072+1i*(0.000546138),0.00174168+1i*(-0.00465142),3.91827e-06+1i*(0.000177045),-0.000966292+1i*(-0.000751927),-7.511e-06+1i*(-0.000119914),-3.33105e-05+1i*(-0.00446109),
33.6512,0.150216+1i*(0.128537),-0.00156856+1i*(-0.00789023),0.00241791+1i*(0.00113304),0.000147506+1i*(0.000539477),0.00173489+1i*(-0.0046649),7.25159e-06+1i*(0.000179517),-0.000986274+1i*(-0.000760693),-1.10075e-05+1i*(-0.000122799),-3.44167e-05+1i*(-0.00448373),
33.8844,0.152657+1i*(0.130121),-0.00168786+1i*(-0.00797001),0.00243275+1i*(0.00112514),0.000154409+1i*(0.000532283),0.00172803+1i*(-0.00467836),1.07655e-05+1i*(0.000182039),-0.001007+1i*(-0.00076949),-1.46863e-05+1i*(-0.000125768),-3.55531e-05+1i*(-0.00450628),
34.1193,0.155167+1i*(0.131717),-0.00181131+1i*(-0.00804998),0.00244715+1i*(0.00111619),0.000161428+1i*(0.000524525),0.0017211+1i*(-0.00469178),1.44699e-05+1i*(0.000184612),-0.0010285+1i*(-0.00077831),-1.85574e-05+1i*(-0.000128825),-3.67199e-05+1i*(-0.00452871),
34.3558,0.15775+1i*(0.133324),-0.00193907+1i*(-0.00813006),0.00246106+1i*(0.00110612),0.00016856+1i*(0.00051617),0.00171409+1i*(-0.00470515),1.83755e-05+1i*(0.000187237),-0.00105082+1i*(-0.000787143),-2.26315e-05+1i*(-0.000131973),-3.79177e-05+1i*(-0.00455102),
34.5939,0.160409+1i*(0.134941),-0.00207135+1i*(-0.00821014),0.0024744+1i*(0.00109488),0.000175802+1i*(0.000507184),0.00170701+1i*(-0.00471847),2.24935e-05+1i*(0.000189915),-0.001074+1i*(-0.000795978),-2.69201e-05+1i*(-0.000135216),-3.91466e-05+1i*(-0.00457319),
34.8337,0.163146+1i*(0.136568),-0.00220835+1i*(-0.00829014),0.00248711+1i*(0.00108241),0.00018315+1i*(0.000497528),0.00169983+1i*(-0.00473173),2.6836e-05+1i*(0.000192648),-0.0010981+1i*(-0.000804805),-3.14354e-05+1i*(-0.000138556),-4.04069e-05+1i*(-0.0045952),
35.0752,0.165965+1i*(0.138203),-0.00235028+1i*(-0.00836992),0.00249908+1i*(0.00106864),0.0001906+1i*(0.000487163),0.00169257+1i*(-0.0047449),3.14159e-05+1i*(0.000195435),-0.00112314+1i*(-0.000813609),-3.61904e-05+1i*(-0.000141998),-4.16988e-05+1i*(-0.00461704),
35.3183,0.168868+1i*(0.139845),-0.00249736+1i*(-0.00844938),0.00251024+1i*(0.0010535),0.000198145+1i*(0.000476046),0.00168521+1i*(-0.00475799),3.62469e-05+1i*(0.00019828),-0.0011492+1i*(-0.000822374),-4.11992e-05+1i*(-0.000145546),-4.30223e-05+1i*(-0.0046387),
35.5631,0.17186+1i*(0.141494),-0.00264982+1i*(-0.00852835),0.00252047+1i*(0.00103693),0.000205779+1i*(0.000464131),0.00167775+1i*(-0.00477097),4.13438e-05+1i*(0.000201181),-0.00117631+1i*(-0.000831085),-4.64768e-05+1i*(-0.000149203),-4.43773e-05+1i*(-0.00466015),
35.8096,0.174944+1i*(0.143149),-0.00280791+1i*(-0.00860669),0.00252967+1i*(0.00101885),0.000213493+1i*(0.000451369),0.00167018+1i*(-0.00478383),4.67225e-05+1i*(0.000204141),-0.00120455+1i*(-0.000839722),-5.20393e-05+1i*(-0.000152974),-4.57635e-05+1i*(-0.00468138),
36.0579,0.178124+1i*(0.144807),-0.00297189+1i*(-0.00868422),0.00253769+1i*(0.000999186),0.000221277+1i*(0.000437708),0.00166251+1i*(-0.00479656),5.23998e-05+1i*(0.000207161),-0.00123397+1i*(-0.000848263),-5.79041e-05+1i*(-0.000156863),-4.71805e-05+1i*(-0.00470237),
36.3078,0.181403+1i*(0.146468),-0.00314203+1i*(-0.00876075),0.00254441+1i*(0.000977858),0.00022912+1i*(0.00042309),0.00165472+1i*(-0.00480914),5.8394e-05+1i*(0.00021024),-0.00126464+1i*(-0.000856684),-6.40897e-05+1i*(-0.000160874),-4.86277e-05+1i*(-0.0047231),
36.5595,0.184786+1i*(0.14813),-0.0033186+1i*(-0.00883604),0.00254966+1i*(0.000954785),0.000237008+1i*(0.000407457),0.00164681+1i*(-0.00482155),6.47246e-05+1i*(0.00021338),-0.00129663+1i*(-0.000864956),-7.06163e-05+1i*(-0.000165013),-5.01041e-05+1i*(-0.00474354),
36.8129,0.188277+1i*(0.14979),-0.00350191+1i*(-0.00890988),0.00255327+1i*(0.000929885),0.000244926+1i*(0.000390742),0.00163877+1i*(-0.00483377),7.14127e-05+1i*(0.000216582),-0.00133002+1i*(-0.00087305),-7.75056e-05+1i*(-0.000169285),-5.16087e-05+1i*(-0.00476367),
37.0681,0.19188+1i*(0.151448),-0.00369225+1i*(-0.00898197),0.00255507+1i*(0.000903071),0.000252853+1i*(0.000372875),0.0016306+1i*(-0.00484579),7.84809e-05+1i*(0.000219845),-0.00136489+1i*(-0.000880931),-8.47809e-05+1i*(-0.000173693),-5.31399e-05+1i*(-0.00478346),
37.325,0.195601+1i*(0.1531),-0.00388994+1i*(-0.00905204),0.00255482+1i*(0.000874258),0.00026077+1i*(0.000353783),0.00162228+1i*(-0.00485757),8.59537e-05+1i*(0.00022317),-0.00140133+1i*(-0.000888558),-9.24675e-05+1i*(-0.000178245),-5.46958e-05+1i*(-0.00480289),
37.5837,0.199443+1i*(0.154745),-0.00409534+1i*(-0.00911975),0.00255231+1i*(0.000843356),0.00026865+1i*(0.000333384),0.00161382+1i*(-0.0048691),9.38576e-05+1i*(0.000226557),-0.00143942+1i*(-0.000895889),-0.000100593+1i*(-0.000182944),-5.6274e-05+1i*(-0.00482191),
37.8443,0.203413+1i*(0.156379),-0.00430877+1i*(-0.00918472),0.00254728+1i*(0.000810278),0.000276465+1i*(0.00031159),0.00160521+1i*(-0.00488034),0.000102221+1i*(0.000230004),-0.00147927+1i*(-0.000902873),-0.000109187+1i*(-0.000187797),-5.78717e-05+1i*(-0.00484051),
38.1066,0.207515+1i*(0.157999),-0.00453061+1i*(-0.00924656),0.00253943+1i*(0.000774934),0.000284182+1i*(0.000288309),0.00159644+1i*(-0.00489127),0.000111075+1i*(0.000233512),-0.001521+1i*(-0.000909455),-0.000118282+1i*(-0.00019281),-5.94852e-05+1i*(-0.00485865),
38.3707,0.211755+1i*(0.159603),-0.00476122+1i*(-0.00930482),0.00252846+1i*(0.000737237),0.000291761+1i*(0.000263439),0.0015875+1i*(-0.00490186),0.000120454+1i*(0.000237079),-0.0015647+1i*(-0.00091557),-0.000127913+1i*(-0.000197988),-6.11103e-05+1i*(-0.00487627),
38.6367,0.216138+1i*(0.161186),-0.005001+1i*(-0.00935898),0.002514+1i*(0.000697104),0.000299158+1i*(0.000236871),0.00157838+1i*(-0.00491208),0.000130393+1i*(0.000240703),-0.00161051+1i*(-0.000921148),-0.000138118+1i*(-0.000203336),-6.27417e-05+1i*(-0.00489336),
38.9045,0.220672+1i*(0.162745),-0.00525035+1i*(-0.0094085),0.00249569+1i*(0.000654453),0.000306322+1i*(0.000208487),0.00156908+1i*(-0.00492188),0.000140932+1i*(0.000244381),-0.00165855+1i*(-0.000926108),-0.000148939+1i*(-0.000208862),-6.43734e-05+1i*(-0.00490984),
39.1742,0.225361+1i*(0.164275),-0.00550968+1i*(-0.00945275),0.00247307+1i*(0.00060921),0.000313194+1i*(0.00017816),0.00155959+1i*(-0.00493123),0.000152115+1i*(0.000248111),-0.00170898+1i*(-0.000930359),-0.000160422+1i*(-0.000214571),-6.59978e-05+1i*(-0.00492569),
39.4457,0.230212+1i*(0.165771),-0.00577942+1i*(-0.00949105),0.00244568+1i*(0.000561309),0.000319706+1i*(0.000145752),0.00154989+1i*(-0.00494008),0.000163988+1i*(0.000251886),-0.00176195+1i*(-0.000933798),-0.000172618+1i*(-0.000220469),-6.7606e-05+1i*(-0.00494084),
39.7192,0.235233+1i*(0.167228),-0.00605999+1i*(-0.00952263),0.00241298+1i*(0.000510697),0.000325779+1i*(0.000111113),0.00153999+1i*(-0.00494839),0.000176604+1i*(0.000255703),-0.00181761+1i*(-0.000936307),-0.000185581+1i*(-0.00022656),-6.91876e-05+1i*(-0.00495523),
39.9945,0.24043+1i*(0.168641),-0.00635183+1i*(-0.00954664),0.00237437+1i*(0.000457334),0.000331322+1i*(7.4084e-05),0.00152987+1i*(-0.00495609),0.000190019+1i*(0.000259554),-0.00187616+1i*(-0.000937755),-0.000199371+1i*(-0.000232852),-7.073e-05+1i*(-0.0049688),
40.2717,0.24581+1i*(0.170002),-0.00665538+1i*(-0.00956214),0.00232921+1i*(0.000401201),0.000336231+1i*(3.44885e-05),0.00151953+1i*(-0.00496314),0.000204295+1i*(0.00026343),-0.00193777+1i*(-0.00093799),-0.000214057+1i*(-0.000239348),-7.22182e-05+1i*(-0.00498147),
40.5509,0.25138+1i*(0.171306),-0.00697109+1i*(-0.00956808),0.00227674+1i*(0.000342303),0.000340387+1i*(-7.86239e-06),0.00150895+1i*(-0.00496946),0.0002195+1i*(0.000267321),-0.00200266+1i*(-0.000936843),-0.00022971+1i*(-0.000246052),-7.36344e-05+1i*(-0.00499318),
40.8319,0.257149+1i*(0.172543),-0.00729937+1i*(-0.00956327),0.00221616+1i*(0.000280678),0.00034365+1i*(-5.3174e-05),0.00149814+1i*(-0.00497498),0.000235709+1i*(0.000271213),-0.00207106+1i*(-0.000934117),-0.000246414+1i*(-0.000252968),-7.49575e-05+1i*(-0.00500383),
41.115,0.263125+1i*(0.173707),-0.00764065+1i*(-0.00954642),0.00214655+1i*(0.000216404),0.000345859+1i*(-0.000101669),0.00148707+1i*(-0.00497963),0.000253005+1i*(0.00027509),-0.00214319+1i*(-0.000929591),-0.000264259+1i*(-0.000260097),-7.61623e-05+1i*(-0.00501334),
41.4,0.269315+1i*(0.174787),-0.00799532+1i*(-0.00951608),0.0020669+1i*(0.000149609),0.000346829+1i*(-0.000153589),0.00147576+1i*(-0.00498331),0.000271479+1i*(0.000278933),-0.00221931+1i*(-0.000923011),-0.000283345+1i*(-0.000267439),-7.72189e-05+1i*(-0.00502158),
41.6869,0.275728+1i*(0.175775),-0.00836376+1i*(-0.00947061),0.00197608+1i*(8.04837e-05),0.000346344+1i*(-0.000209195),0.00146418+1i*(-0.00498593),0.000291233+1i*(0.000282717),-0.00229972+1i*(-0.000914086),-0.000303786+1i*(-0.000274993),-7.80914e-05+1i*(-0.00502846),
41.9759,0.282373+1i*(0.176659),-0.00874626+1i*(-0.00940822),0.0018728+1i*(9.29567e-06),0.000344156+1i*(-0.000268773),0.00145234+1i*(-0.00498737),0.00031238+1i*(0.000286413),-0.00238469+1i*(-0.000902484),-0.000325705+1i*(-0.000282753),-7.87371e-05+1i*(-0.00503385),
42.2669,0.289259+1i*(0.177428),-0.0091431+1i*(-0.00932687),0.00175567+1i*(-6.35903e-05),0.000339974+1i*(-0.000332629),0.00144024+1i*(-0.00498752),0.000335044+1i*(0.000289984),-0.00247456+1i*(-0.000887823),-0.000349245+1i*(-0.00029071),-7.91047e-05+1i*(-0.0050376),
42.5598,0.296394+1i*(0.178068),-0.00955445+1i*(-0.00922432),0.00162311+1i*(-0.00013769),0.000333461+1i*(-0.000401097),0.00142788+1i*(-0.00498622),0.000359366+1i*(0.000293388),-0.00256968+1i*(-0.000869662),-0.000374563+1i*(-0.000298849),-7.91328e-05+1i*(-0.00503955),
42.8549,0.303789+1i*(0.178566),-0.00998037+1i*(-0.00909805),0.00147334+1i*(-0.000212374),0.000324224+1i*(-0.000474538),0.00141527+1i*(-0.00498333),0.000385501+1i*(0.000296571),-0.0026704+1i*(-0.000847493),-0.000401837+1i*(-0.000307151),-7.87473e-05+1i*(-0.00503953),
43.1519,0.311453+1i*(0.178907),-0.0104208+1i*(-0.00894523),0.00130441+1i*(-0.000286827),0.000311804+1i*(-0.000553342),0.00140242+1i*(-0.00497867),0.000413624+1i*(0.000299466),-0.00277713+1i*(-0.000820729),-0.000431268+1i*(-0.000315586),-7.78593e-05+1i*(-0.00503735),
43.451,0.319395+1i*(0.179074),-0.0108755+1i*(-0.00876272),0.00111411+1i*(-0.00036001),0.000295662+1i*(-0.000637929),0.00138936+1i*(-0.00497203),0.000443932+1i*(0.000301994),-0.00289029+1i*(-0.00078869),-0.000463082+1i*(-0.000324115),-7.63606e-05+1i*(-0.00503279),
43.7522,0.327627+1i*(0.17905),-0.0113439+1i*(-0.00854698),0.00089998+1i*(-0.000430608),0.000275168+1i*(-0.000728749),0.00137611+1i*(-0.0049632),0.000476644+1i*(0.000304055),-0.00301032+1i*(-0.000750582),-0.000497538+1i*(-0.000332683),-7.41203e-05+1i*(-0.0050256),
44.0555,0.336157+1i*(0.178815),-0.0118253+1i*(-0.00829408),0.000659297+1i*(-0.000496955),0.000249579+1i*(-0.000826284),0.00136271+1i*(-0.0049519),0.000512008+1i*(0.000305528),-0.0031377+1i*(-0.000705485),-0.000534929+1i*(-0.00034122),-7.09789e-05+1i*(-0.00501551),
44.3609,0.344996+1i*(0.178348),-0.0123186+1i*(-0.00799959),0.000389012+1i*(-0.000556962),0.000218021+1i*(-0.000931046),0.00134924+1i*(-0.00493783),0.000550305+1i*(0.000306264),-0.00327291+1i*(-0.000652318),-0.000575588+1i*(-0.00034963),-6.67414e-05+1i*(-0.0050022),
44.6684,0.354157+1i*(0.177627),-0.0128221+1i*(-0.00765859),8.57472e-05+1i*(-0.000608004),0.000179456+1i*(-0.00104357),0.00133578+1i*(-0.00492067),0.000591849+1i*(0.000306074),-0.00341645+1i*(-0.000589816),-0.000619898+1i*(-0.000357788),-6.11683e-05+1i*(-0.00498534),
44.978,0.363649+1i*(0.176626),-0.0133337+1i*(-0.00726554),-0.000254237+1i*(-0.000646794),0.000132658+1i*(-0.00116443),0.00132243+1i*(-0.00490002),0.000636999+1i*(0.000304727),-0.00356882+1i*(-0.00051649),-0.000668296+1i*(-0.000365529),-5.39647e-05+1i*(-0.00496453),
45.2898,0.373485+1i*(0.175318),-0.0138503+1i*(-0.00681428),-0.000635059+1i*(-0.00066922),7.6165e-05+1i*(-0.00129417),0.00130937+1i*(-0.00487543),0.000686157+1i*(0.000301934),-0.00373053+1i*(-0.000430585),-0.000721282+1i*(-0.000372637),-4.47655e-05+1i*(-0.00493933),
45.6037,0.383678+1i*(0.173675),-0.0143682+1i*(-0.00629795),-0.00106122+1i*(-0.000670132),8.23291e-06+1i*(-0.00143338),0.0012968+1i*(-0.00484638),0.000739779+1i*(0.00029733),-0.00390203+1i*(-0.000330018),-0.000779432+1i*(-0.000378828),-3.31167e-05+1i*(-0.00490925),
45.9198,0.394241+1i*(0.171661),-0.014882+1i*(-0.00570891),-0.00153759+1i*(-0.000643089),-7.3225e-05+1i*(-0.00158257),0.00128501+1i*(-0.00481228),0.000798378+1i*(0.000290458),-0.00408371+1i*(-0.000212322),-0.000843406+1i*(-0.00038373),-1.84512e-05+1i*(-0.00487374),
46.2381,0.405189+1i*(0.169243),-0.0153852+1i*(-0.00503872),-0.00206936+1i*(-0.000580018),-0.000170713+1i*(-0.00174222),0.00127437+1i*(-0.00477243),0.000862529+1i*(0.000280738),-0.00427583+1i*(-7.45536e-05),-0.00091396+1i*(-0.000386854),-5.7436e-08+1i*(-0.00483219),
46.5586,0.41654+1i*(0.166377),-0.015869+1i*(-0.00427816),-0.00266196+1i*(-0.000470801),-0.000287246+1i*(-0.00191265),0.00126538+1i*(-0.00472604),0.000932874+1i*(0.000267433),-0.00447846+1i*(8.6799e-05),-0.00099196+1i*(-0.000387555),2.29617e-05+1i*(-0.00478392),
46.8813,0.428311+1i*(0.163019),-0.0163222+1i*(-0.0034172),-0.00332082+1i*(-0.000302742),-0.000426455+1i*(-0.00209398),0.00125873+1i*(-0.00467221),0.00101012+1i*(0.000249604),-0.00469135+1i*(0.000275936),-0.00107839+1i*(-0.000384984),5.17421e-05+1i*(-0.00472821),
47.2063,0.440525+1i*(0.159113),-0.0167303+1i*(-0.0024452),-0.00405112+1i*(-5.99027e-05),-0.000592725+1i*(-0.00228596),0.00125531+1i*(-0.0046099),0.00109503+1i*(0.000226045),-0.00491379+1i*(0.000497886),-0.00117436+1i*(-0.000378016),8.77283e-05+1i*(-0.00466428),
47.5335,0.453207+1i*(0.154598),-0.0170746+1i*(-0.00135116),-0.00485716+1i*(0.00027772),-0.000791341+1i*(-0.00248781),0.00125636+1i*(-0.00453795),0.0011884+1i*(0.000195206),-0.00514434+1i*(0.000758659),-0.00128109+1i*(-0.00036516),0.000132763+1i*(-0.00459135),
47.863,0.466386+1i*(0.149395),-0.0173309+1i*(-0.00012431),-0.00574157+1i*(0.000735202),-0.00102866+1i*(-0.00269791),0.00126349+1i*(-0.00445507),0.00129103+1i*(0.000155089),-0.00538051+1i*(0.00106542),-0.00139993+1i*(-0.000344439),0.000189201+1i*(-0.00450866),
48.1948,0.480092+1i*(0.14341),-0.0174683+1i*(0.0012449),-0.00670386+1i*(0.00134386),-0.00131229+1i*(-0.00291335),0.0012789+1i*(-0.0043599),0.00140364+1i*(0.000103115),-0.00561825+1i*(0.00142663),-0.00153224+1i*(-0.000313222),0.000260057+1i*(-0.00441562),
48.5289,0.494361+1i*(0.136524),-0.0174469+1i*(0.00276313),-0.00773827+1i*(0.00214253),-0.0016512+1i*(-0.00312936),0.00130554+1i*(-0.00425107),0.00152673+1i*(3.59657e-05),-0.00585121+1i*(0.00185218),-0.00167935+1i*(-0.000268021),0.000349177+1i*(-0.00431195),
48.8652,0.509226+1i*(0.128584),-0.0172164+1i*(0.0044313),-0.00883051+1i*(0.00317878),-0.00205575+1i*(-0.00333837),0.00134733+1i*(-0.00412738),0.00166033+1i*(-5.06132e-05),-0.00606972+1i*(0.00235327),-0.0018423+1i*(-0.000204228),0.000461435+1i*(-0.00419794),
49.204,0.524708+1i*(0.11939),-0.0167137+1i*(0.00624019),-0.00995268+1i*(0.00450958),-0.00253747+1i*(-0.00352878),0.00140949+1i*(-0.00398807),0.0018037+1i*(-0.000162001),-0.00625941+1i*(0.00294212),-0.00202151+1i*(-0.000115814),0.000602928+1i*(-0.00407494),
49.545,0.540809+1i*(0.108685),-0.0158616+1i*(0.00816342),-0.0110562+1i*(0.00620058),-0.00310831+1i*(-0.0036833),0.00149879+1i*(-0.00383337),0.00195462+1i*(-0.000304855),-0.0063993+1i*(0.00363088),-0.00221616+1i*(4.97105e-06),0.000781094+1i*(-0.00394602),
49.8884,0.557475+1i*(0.0961319),-0.0145697+1i*(0.0101472),-0.0120618+1i*(0.00832229),-0.00377891+1i*(-0.00377685),0.00162382+1i*(-0.00366529),0.00210861+1i*(-0.000487084),-0.00645964+1i*(0.00442955),-0.00242317+1i*(0.000167785),0.00100461+1i*(-0.00381702),
50.2343,0.574559+1i*(0.081313),-0.0127404+1i*(0.0120965),-0.0128475+1i*(0.0109404),-0.00455532+1i*(-0.00377443),0.00179489+1i*(-0.00348896),0.0022576+1i*(-0.000717426),-0.00639967+1i*(0.00534199),-0.00263581+1i*(0.000384018),0.00128278+1i*(-0.00369794),
50.5825,0.591749+1i*(0.0637337),-0.0102837+1i*(0.0138578),-0.0132366+1i*(0.0140957),-0.00543326+1i*(-0.0036298),0.00202335+1i*(-0.00331435),0.00238843+1i*(-0.00100421),-0.00616667+1i*(0.00635923),-0.00284168+1i*(0.000665806),0.00162403+1i*(-0.00360457),
50.9331,0.608478+1i*(0.0428766),-0.00714783+1i*(0.0152057),-0.0129924+1i*(0.0177706),-0.00638948+1i*(-0.00328695),0.00231953+1i*(-0.00315828),0.00248143+1i*(-0.00135278),-0.00569832+1i*(0.00744972),-0.0030206+1i*(0.00102355),0.00203278+1i*(-0.00355988),
51.2861,0.623845+1i*(0.0183291),-0.00336887+1i*(0.0158434),-0.0118338+1i*(0.0218394),-0.00737128+1i*(-0.00268766),0.00268877+1i*(-0.00304579),0.00251031+1i*(-0.00176116),-0.00493236+1i*(0.00854793),-0.00314343+1i*(0.0014612),0.00250448+1i*(-0.00359387),
51.6416,0.63659+1i*(-0.00999399),0.000866914+1i*(0.0154397),-0.00948994+1i*(0.0260185),-0.00828856+1i*(-0.00178872),0.00312538+1i*(-0.00300899),0.00244495+1i*(-0.00221439),-0.00382693+1i*(0.00954674),-0.00317387+1i*(0.00196947),0.00301942+1i*(-0.00373973),
51.9996,0.645254+1i*(-0.0415725),0.00517806+1i*(0.0137213),-0.00580424+1i*(0.0298479),-0.00901783+1i*(-0.000588396),0.00360635+1i*(-0.00308099),0.00225928+1i*(-0.00268012),-0.00239062+1i*(0.0103044),-0.00307595+1i*(0.00251915),0.00353825+1i*(-0.00402454),
52.36,0.648562+1i*(-0.0751027),0.00901397+1i*(0.010609),-0.000861725+1i*(0.0327573),-0.00942799+1i*(0.000848132),0.0040895+1i*(-0.00328429),0.00194332+1i*(-0.00311015),-0.000709364+1i*(0.010676),-0.00282755+1i*(0.00305996),0.00400486+1i*(-0.00445559),
52.723,0.645955+1i*(-0.108643),0.0117918+1i*(0.00632803),0.00494146+1i*(0.0342332),-0.0094262+1i*(0.00238524),0.00452121+1i*(-0.00361794),0.00151355+1i*(-0.00345171),0.00105344+1i*(0.0105667),-0.00243437+1i*(0.00353051),0.00436023+1i*(-0.00500941),
53.0884,0.637917+1i*(-0.140154),0.0131027+1i*(0.00139533),0.0109712+1i*(0.0340193),-0.00900029+1i*(0.00385029),0.00485322+1i*(-0.00405262),0.00101297+1i*(-0.00366566),0.00269892+1i*(0.00997738),-0.00193419+1i*(0.00387806),0.00456317+1i*(-0.00563335),
53.4564,0.625838+1i*(-0.168167),0.0128606+1i*(-0.0035458),0.0165619+1i*(0.0322159),-0.00822633+1i*(0.00509113),0.00505934+1i*(-0.00453949),0.000497464+1i*(-0.00374031),0.00405925+1i*(0.00900807),-0.00138526+1i*(0.0040768),0.00460512+1i*(-0.00626234),
53.827,0.611452+1i*(-0.192148),0.0112926+1i*(-0.00794185),0.0212271+1i*(0.0292071),-0.00723454+1i*(0.00602118),0.00514096+1i*(-0.00502766),1.68909e-05+1i*(-0.00369183),0.00504643+1i*(0.00781532),-0.00084578+1i*(0.00413274),0.00450893+1i*(-0.00684062),
54.2001,0.59626+1i*(-0.212389),0.00880049+1i*(-0.0114627),0.024752+1i*(0.0254855),-0.00615976+1i*(0.00662767),0.0051199+1i*(-0.00547892),-0.000397345+1i*(-0.0035529),0.00565743+1i*(0.00655459),-0.000357655+1i*(0.00407418),0.00431475+1i*(-0.007335),
54.5758,0.581235+1i*(-0.229626),0.00580362+1i*(-0.0140082),0.0271543+1i*(0.021495),-0.0051067+1i*(0.00694983),0.00502608+1i*(-0.00587283),-0.000733754+1i*(-0.00335903),0.00594616+1i*(0.0053423),5.82498e-05+1i*(0.00393719),0.00406431+1i*(-0.00773538),
54.9541,0.566824+1i*(-0.244682),0.00264227+1i*(-0.0156382),0.0285865+1i*(0.0175554),-0.00413956+1i*(0.0070495),0.00488778+1i*(-0.00620389),-0.000995157+1i*(-0.00313979),0.00598897+1i*(0.00424652),0.000398081+1i*(0.00375467),0.00379122+1i*(-0.00804753),
55.335,0.553107+1i*(-0.258247),-0.000450496+1i*(-0.016491),0.0292476+1i*(0.0138585),-0.00328807+1i*(0.00698947),0.00472704+1i*(-0.00647589),-0.00119175+1i*(-0.00291585),0.00586026+1i*(0.00329573),0.00066809+1i*(0.00355159),0.00351833+1i*(-0.00828492),
55.7186,0.539963+1i*(-0.270811),-0.00333622+1i*(-0.0167246),0.0293292+1i*(0.0104976),-0.00255886+1i*(0.00682282),0.00455903+1i*(-0.0066969),-0.00133592+1i*(-0.00269985),0.0056213+1i*(0.00249281),0.000878821+1i*(0.00334462),0.00325904+1i*(-0.00846284),
56.1048,0.527197+1i*(-0.282676),-0.00594507+1i*(-0.016486),0.0289918+1i*(0.00750194),-0.00194565+1i*(0.00659008),0.00439316+1i*(-0.00687598),-0.00143944+1i*(-0.00249843),0.00531786+1i*(0.00182693),0.00104151+1i*(0.0031438),0.00301998+1i*(-0.00859532),
56.4937,0.514608+1i*(-0.294),-0.00825141+1i*(-0.0158988),0.0283609+1i*(0.00486456),-0.00143631+1i*(0.00632033),0.00423474+1i*(-0.00702162),-0.00151222+1i*(-0.00231436),0.00498203+1i*(0.00128155),0.00116632+1i*(0.00295448),0.00280346+1i*(-0.00869399),
56.8853,0.502029+1i*(-0.304844),-0.0102556+1i*(-0.0150617),0.0275302+1i*(0.00256055),-0.00101696+1i*(0.00603356),0.00408637+1i*(-0.00714101),-0.00156217+1i*(-0.0021481),0.00463534+1i*(0.000838965),0.00126175+1i*(0.00277906),0.00260934+1i*(-0.00876794),
57.2796,0.489337+1i*(-0.315204),-0.0119718+1i*(-0.0140516),0.0265682+1i*(0.000557985),-0.000674116+1i*(0.00574306),0.003949+1i*(-0.00723999),-0.00159536+1i*(-0.00199886),0.00429168+1i*(0.000482498),0.00133457+1i*(0.0026181),0.00243619+1i*(-0.00882405),
57.6766,0.476454+1i*(-0.325045),-0.0134212+1i*(-0.0129272),0.0255244+1i*(-0.00117616),-0.00039562+1i*(0.00545746),0.00382261+1i*(-0.00732314),-0.00161633+1i*(-0.00186526),0.00395968+1i*(0.000197445),0.00139005+1i*(0.00247121),0.00228204+1i*(-0.00886741),
58.0764,0.463338+1i*(-0.334314),-0.0146274+1i*(-0.0117334),0.0244345+1i*(-0.00267318),-0.000170939+1i*(0.00518213),0.00370666+1i*(-0.00739404),-0.00162846+1i*(-0.0017457),0.00364439+1i*(-2.87451e-05),0.00143226+1i*(0.00233748),0.00214479+1i*(-0.00890177),
58.479,0.449983+1i*(-0.342957),-0.0156142+1i*(-0.0105044),0.0233241+1i*(-0.00396143),8.87174e-06+1i*(0.00492028),0.00360037+1i*(-0.00745543),-0.00163424+1i*(-0.00163859),0.00334854+1i*(-0.000206583),0.00146429+1i*(0.00221578),0.00202239+1i*(-0.00892984),
58.8844,0.436406+1i*(-0.350923),-0.0164046+1i*(-0.00926589),0.0222117+1i*(-0.00506603),0.000151325+1i*(0.00467368),0.00350288+1i*(-0.00750941),-0.00163551+1i*(-0.00154242),0.00307331+1i*(-0.00034479),0.00148848+1i*(0.00210493),0.00191297+1i*(-0.0089536),
59.2925,0.422642+1i*(-0.358172),-0.0170202+1i*(-0.00803769),0.0211106+1i*(-0.00600906),0.0002627+1i*(0.00444312),0.00341331+1i*(-0.00755759),-0.00163361+1i*(-0.00145584),0.00281889+1i*(-0.00045057),0.00150662+1i*(0.0020038),0.00181486+1i*(-0.00897446),
59.7035,0.408739+1i*(-0.364673),-0.0174808+1i*(-0.00683461),0.0200305+1i*(-0.0068098),0.000348238+1i*(0.00422876),0.00333084+1i*(-0.00760123),-0.00162952+1i*(-0.00137765),0.00258486+1i*(-0.000529866),0.00152009+1i*(0.00191134),0.00172661+1i*(-0.00899347),
60.1174,0.394754+1i*(-0.370409),-0.0178049+1i*(-0.00566773),0.0189784+1i*(-0.00748513),0.000412318+1i*(0.00403034),0.00325472+1i*(-0.00764126),-0.00162396+1i*(-0.00130681),0.00237041+1i*(-0.000587579),0.00152992+1i*(0.00182662),0.00164696+1i*(-0.00901135),
60.5341,0.380744+1i*(-0.375374),-0.018009+1i*(-0.0045452),0.0179592+1i*(-0.00804987),0.000458605+1i*(0.00384735),0.00318427+1i*(-0.00767845),-0.00161747+1i*(-0.0012424),0.00217451+1i*(-0.00062776),0.00153693+1i*(0.00174878),0.00157481+1i*(-0.00902864),
60.9537,0.366772+1i*(-0.379572),-0.0181085+1i*(-0.00347282),0.0169763+1i*(-0.00851704),0.000490173+1i*(0.00367911),0.00311889+1i*(-0.00771335),-0.00161043+1i*(-0.00118365),0.00199601+1i*(-0.000653756),0.00154174+1i*(0.00167708),0.00150925+1i*(-0.00904571),
61.3762,0.352895+1i*(-0.383017),-0.0181171+1i*(-0.00245451),0.0160322+1i*(-0.00889817),0.000509604+1i*(0.00352484),0.00305805+1i*(-0.00774643),-0.00160311+1i*(-0.00112987),0.00183371+1i*(-0.000668341),0.00154482+1i*(0.00161087),0.00144947+1i*(-0.00906283),
61.8016,0.339169+1i*(-0.385733),-0.0180473+1i*(-0.00149269),0.0151281+1i*(-0.00920347),0.000519071+1i*(0.00338372),0.00300128+1i*(-0.00777804),-0.00159572+1i*(-0.00108049),0.00168641+1i*(-0.00067381),0.00154656+1i*(0.00154958),0.00139479+1i*(-0.00908019),
62.23,0.325644+1i*(-0.387748),-0.0179102+1i*(-0.000588551),0.0142647+1i*(-0.00944203),0.000520405+1i*(0.00325492),0.00294817+1i*(-0.00780846),-0.00158841+1i*(-0.00103501),0.00155293+1i*(-0.000672064),0.00154726+1i*(0.00149271),0.00134462+1i*(-0.00909791),
62.6614,0.312366+1i*(-0.389098),-0.0177162+1i*(0.000257684),0.0134423+1i*(-0.00962193),0.000515149+1i*(0.00313758),0.00289835+1i*(-0.00783792),-0.00158128+1i*(-0.000992991),0.00143215+1i*(-0.00066468),0.00154715+1i*(0.00143983),0.00129846+1i*(-0.00911607),
63.0957,0.299373+1i*(-0.389822),-0.017474+1i*(0.00104656),0.0126605+1i*(-0.00975039),0.000504604+1i*(0.00303089),0.00285152+1i*(-0.00786659),-0.00157441+1i*(-0.000954066),0.00132298+1i*(-0.000652957),0.00154642+1i*(0.00139054),0.00125587+1i*(-0.00913472),
63.5331,0.286699+1i*(-0.389959),-0.017192+1i*(0.00177925),0.0119186+1i*(-0.00983386),0.000489866+1i*(0.00293406),0.0028074+1i*(-0.00789462),-0.00156784+1i*(-0.00091791),0.00122442+1i*(-0.000637969),0.00154522+1i*(0.00134451),0.00121647+1i*(-0.00915391),
63.9735,0.274372+1i*(-0.389555),-0.0168771+1i*(0.00245737),0.0112159+1i*(-0.00987809),0.000471854+1i*(0.00284633),0.00276573+1i*(-0.00792214),-0.0015616+1i*(-0.000884239),0.00113552+1i*(-0.000620599),0.00154367+1i*(0.00130144),0.00117993+1i*(-0.00917363),
64.4169,0.262412+1i*(-0.388651),-0.0165358+1i*(0.0030829),0.0105511+1i*(-0.00988822),0.000451342+1i*(0.00276698),0.0027263+1i*(-0.00794923),-0.00155572+1i*(-0.00085281),0.00105541+1i*(-0.000601571),0.00154187+1i*(0.00126108),0.00114597+1i*(-0.00919389),
64.8634,0.250838+1i*(-0.387292),-0.0161735+1i*(0.00365809),0.00992301+1i*(-0.00986881),0.000428976+1i*(0.00269535),0.00268892+1i*(-0.00797598),-0.0015502+1i*(-0.000823405),0.000983258+1i*(-0.000581473),0.00153991+1i*(0.00122317),0.00111434+1i*(-0.00921468),
65.3131,0.23966+1i*(-0.38552),-0.0157953+1i*(0.00418534),0.00933022+1i*(-0.00982393),0.000405295+1i*(0.00263078),0.00265342+1i*(-0.00800245),-0.00154506+1i*(-0.000795837),0.000918332+1i*(-0.000560783),0.00153783+1i*(0.00118752),0.00108481+1i*(-0.00923599),
65.7658,0.228885+1i*(-0.383376),-0.0154053+1i*(0.00466717),0.00877127+1i*(-0.00975722),0.000380747+1i*(0.0025727),0.00261964+1i*(-0.00802869),-0.00154029+1i*(-0.000769938),0.000859942+1i*(-0.000539886),0.0015357+1i*(0.00115394),0.00105719+1i*(-0.00925781),
66.2217,0.218518+1i*(-0.3809),-0.0150072+1i*(0.00510616),0.00824466+1i*(-0.00967188),0.000355703+1i*(0.00252055),0.00258744+1i*(-0.00805475),-0.00153588+1i*(-0.000745562),0.000807461+1i*(-0.000519086),0.00153357+1i*(0.00112227),0.00103131+1i*(-0.00928011),
66.6807,0.208559+1i*(-0.378129),-0.0146042+1i*(0.00550488),0.00774884+1i*(-0.00957075),0.000330465+1i*(0.00247382),0.0025567+1i*(-0.00808067),-0.00153183+1i*(-0.000722577),0.000760317+1i*(-0.000498627),0.00153145+1i*(0.00109234),0.00100702+1i*(-0.00930287),
67.1429,0.199004+1i*(-0.375099),-0.0141991+1i*(0.00586587),0.00728229+1i*(-0.00945635),0.000305281+1i*(0.00243205),0.00252732+1i*(-0.00810647),-0.00152812+1i*(-0.000700868),0.000717988+1i*(-0.000478693),0.0015294+1i*(0.00106404),0.000984178+1i*(-0.00932607),
67.6083,0.189848+1i*(-0.371842),-0.013794+1i*(0.00619164),0.00684347+1i*(-0.0093309),0.000280353+1i*(0.00239479),0.00249918+1i*(-0.00813219),-0.00152476+1i*(-0.00068033),0.000680003+1i*(-0.000459429),0.00152741+1i*(0.00103723),0.000962669+1i*(-0.00934968),
68.0769,0.181085+1i*(-0.368389),-0.0133911+1i*(0.00648458),0.0064309+1i*(-0.00919634),0.00025584+1i*(0.00236166),0.0024722+1i*(-0.00815784),-0.00152173+1i*(-0.000660871),0.000645932+1i*(-0.00044094),0.00152553+1i*(0.00101181),0.000942384+1i*(-0.00937368),
68.5488,0.172706+1i*(-0.364768),-0.0129919+1i*(0.00674704),0.00604312+1i*(-0.00905439),0.000231868+1i*(0.00233228),0.00244629+1i*(-0.00818344),-0.00151901+1i*(-0.000642407),0.000615388+1i*(-0.0004233),0.00152375+1i*(0.000987666),0.000923223+1i*(-0.00939806),
69.024,0.1647+1i*(-0.361005),-0.0125978+1i*(0.00698121),0.00567871+1i*(-0.00890655),0.000208537+1i*(0.00230632),0.00242138+1i*(-0.008209),-0.0015166+1i*(-0.000624863),0.00058802+1i*(-0.000406561),0.0015221+1i*(0.00096472),0.0009051+1i*(-0.00942278),
69.5024,0.157055+1i*(-0.357123),-0.0122099+1i*(0.00718922),0.00533632+1i*(-0.00875413),0.000185919+1i*(0.00228347),0.0023974+1i*(-0.00823454),-0.00151449+1i*(-0.00060817),0.000563511+1i*(-0.000390753),0.00152057+1i*(0.000942882),0.000887935+1i*(-0.00944782),
69.9842,0.149762+1i*(-0.353145),-0.0118291+1i*(0.00737305),0.00501464+1i*(-0.00859827),0.00016407+1i*(0.00226346),0.00237428+1i*(-0.00826006),-0.00151266+1i*(-0.000592268),0.000541576+1i*(-0.000375891),0.00151919+1i*(0.000922078),0.000871655+1i*(-0.00947316),
70.4693,0.142806+1i*(-0.349089),-0.0114561+1i*(0.00753457),0.00471244+1i*(-0.00843996),0.000143028+1i*(0.00224602),0.00235197+1i*(-0.00828558),-0.0015111+1i*(-0.0005771),0.000521956+1i*(-0.000361976),0.00151795+1i*(0.000902236),0.000856196+1i*(-0.00949879),
70.9578,0.136175+1i*(-0.344973),-0.0110915+1i*(0.00767556),0.00442853+1i*(-0.00828006),0.000122816+1i*(0.00223093),0.00233041+1i*(-0.0083111),-0.00150981+1i*(-0.000562614),0.00050442+1i*(-0.000349),0.00151687+1i*(0.000883292),0.000841498+1i*(-0.00952467),
71.4496,0.129856+1i*(-0.340812),-0.0107357+1i*(0.00779765),0.00416178+1i*(-0.00811931),0.000103449+1i*(0.00221797),0.00230955+1i*(-0.00833661),-0.00150876+1i*(-0.000548766),0.000488759+1i*(-0.000336946),0.00151593+1i*(0.000865187),0.000827506+1i*(-0.00955079),
71.9449,0.123837+1i*(-0.336622),-0.010389+1i*(0.00790238),0.00391113+1i*(-0.00795833),8.49313e-05+1i*(0.00220695),0.00228935+1i*(-0.00836213),-0.00150796+1i*(-0.000535512),0.000474786+1i*(-0.000325792),0.00151514+1i*(0.000847866),0.000814171+1i*(-0.00957713),
72.4436,0.118103+1i*(-0.332414),-0.0100515+1i*(0.00799119),0.00367558+1i*(-0.00779769),6.72588e-05+1i*(0.00219769),0.00226976+1i*(-0.00838766),-0.00150739+1i*(-0.000522813),0.000462331+1i*(-0.00031551),0.0015145+1i*(0.000831279),0.000801447+1i*(-0.00960367),
72.9458,0.112644+1i*(-0.328199),-0.00972357+1i*(0.00806539),0.00345418+1i*(-0.00763784),5.04227e-05+1i*(0.00219004),0.00225075+1i*(-0.00841319),-0.00150704+1i*(-0.000510633),0.000451241+1i*(-0.00030607),0.00151402+1i*(0.00081538),0.000789293+1i*(-0.00963039),
73.4514,0.107445+1i*(-0.323988),-0.00940507+1i*(0.00812622),0.00324603+1i*(-0.00747918),3.44095e-05+1i*(0.00218384),0.00223228+1i*(-0.00843873),-0.0015069+1i*(-0.00049894),0.000441382+1i*(-0.000297439),0.00151368+1i*(0.000800124),0.000777669+1i*(-0.00965727),
73.9605,0.102496+1i*(-0.319789),-0.00909602+1i*(0.00817483),0.00305032+1i*(-0.00732203),1.92017e-05+1i*(0.00217896),0.00221431+1i*(-0.00846427),-0.00150696+1i*(-0.000487703),0.000432628+1i*(-0.000289582),0.0015135+1i*(0.000785473),0.000766541+1i*(-0.0096843),
74.4732,0.0977833+1i*(-0.315609),-0.00879636+1i*(0.00821225),0.00286624+1i*(-0.00716668),4.77909e-06+1i*(0.00217529),0.00219681+1i*(-0.00848981),-0.00150721+1i*(-0.000476894),0.000424871+1i*(-0.000282466),0.00151346+1i*(0.00077139),0.000755875+1i*(-0.00971146),
74.9894,0.0932968+1i*(-0.311456),-0.00850599+1i*(0.00823947),0.00269306+1i*(-0.00701334),-8.88046e-06+1i*(0.00217271),0.00217975+1i*(-0.00851536),-0.00150765+1i*(-0.000466487),0.00041801+1i*(-0.000276054),0.00151356+1i*(0.000757839),0.000745642+1i*(-0.00973873),
75.5092,0.089025+1i*(-0.307335),-0.00822478+1i*(0.00825739),0.0025301+1i*(-0.00686222),-2.18007e-05+1i*(0.00217112),0.00216311+1i*(-0.0085409),-0.00150827+1i*(-0.000456459),0.000411957+1i*(-0.000270311),0.0015138+1i*(0.000744789),0.000735812+1i*(-0.0097661),
76.0326,0.0849573+1i*(-0.30325),-0.00795254+1i*(0.00826682),0.0023767+1i*(-0.00671346),-3.40063e-05+1i*(0.00217043),0.00214686+1i*(-0.00856643),-0.00150906+1i*(-0.000446786),0.00040663+1i*(-0.000265203),0.00151418+1i*(0.00073221),0.00072636+1i*(-0.00979355),
76.5597,0.0810837+1i*(-0.299207),-0.00768911+1i*(0.00826853),0.00223227+1i*(-0.00656718),-4.55225e-05+1i*(0.00217056),0.00213098+1i*(-0.00859196),-0.00151001+1i*(-0.000437449),0.000401957+1i*(-0.000260695),0.00151469+1i*(0.000720074),0.000717263+1i*(-0.00982107),
77.0903,0.0773944+1i*(-0.295209),-0.00743426+1i*(0.00826322),0.00209623+1i*(-0.00642348),-5.6375e-05+1i*(0.00217143),0.00211543+1i*(-0.00861747),-0.00151111+1i*(-0.000428427),0.000397874+1i*(-0.000256755),0.00151533+1i*(0.000708356),0.000708496+1i*(-0.00984863),
77.6247,0.0738801+1i*(-0.291259),-0.0071878+1i*(0.00825154),0.00196807+1i*(-0.00628242),-6.65892e-05+1i*(0.00217298),0.00210022+1i*(-0.00864296),-0.00151235+1i*(-0.000419704),0.000394321+1i*(-0.000253352),0.0015161+1i*(0.000697031),0.000700039+1i*(-0.00987624),
78.1628,0.0705319+1i*(-0.287359),-0.00694948+1i*(0.00823406),0.00184729+1i*(-0.00614406),-7.61905e-05+1i*(0.00217514),0.0020853+1i*(-0.00866843),-0.00151374+1i*(-0.000411262),0.000391246+1i*(-0.000250453),0.00151698+1i*(0.000686077),0.000691873+1i*(-0.00990387),
78.7046,0.0673413+1i*(-0.283511),-0.00671909+1i*(0.00821135),0.00173343+1i*(-0.00600842),-8.52039e-05+1i*(0.00217786),0.00207067+1i*(-0.00869387),-0.00151525+1i*(-0.000403086),0.000388601+1i*(-0.00024803),0.00151799+1i*(0.000675472),0.000683978+1i*(-0.0099315),
79.2501,0.0643004+1i*(-0.279718),-0.00649637+1i*(0.00818388),0.00162606+1i*(-0.00587553),-9.36537e-05+1i*(0.00218108),0.0020563+1i*(-0.00871927),-0.0015169+1i*(-0.000395161),0.000386344+1i*(-0.000246054),0.0015191+1i*(0.000665197),0.000676339+1i*(-0.00995914),
79.7995,0.0614016+1i*(-0.27598),-0.00628111+1i*(0.00815213),0.00152478+1i*(-0.00574538),-0.000101564+1i*(0.00218475),0.00204219+1i*(-0.00874464),-0.00151866+1i*(-0.000387474),0.000384435+1i*(-0.000244499),0.00152032+1i*(0.000655233),0.000668939+1i*(-0.00998675),
80.3526,0.0586375+1i*(-0.272299),-0.00607305+1i*(0.00811651),0.00142922+1i*(-0.00561797),-0.000108957+1i*(0.00218883),0.0020283+1i*(-0.00876996),-0.00152053+1i*(-0.000380011),0.00038284+1i*(-0.000243338),0.00152165+1i*(0.000645563),0.000661762+1i*(-0.0100143),
80.9096,0.0560012+1i*(-0.268675),-0.00587196+1i*(0.00807741),0.00133901+1i*(-0.00549328),-0.000115857+1i*(0.00219329),0.00201464+1i*(-0.00879524),-0.00152251+1i*(-0.000372762),0.000381527+1i*(-0.000242548),0.00152307+1i*(0.00063617),0.000654795+1i*(-0.0100419),
81.4704,0.0534863+1i*(-0.265109),-0.00567762+1i*(0.00803517),0.00125385+1i*(-0.00537129),-0.000122284+1i*(0.00219808),0.00200119+1i*(-0.00882045),-0.00152459+1i*(-0.000365713),0.000380468+1i*(-0.000242106),0.00152459+1i*(0.000627039),0.000648024+1i*(-0.0100694),
82.0352,0.0510865+1i*(-0.261601),-0.00548978+1i*(0.00799013),0.00117342+1i*(-0.00525198),-0.000128259+1i*(0.00220317),0.00198793+1i*(-0.0088456),-0.00152676+1i*(-0.000358856),0.000379638+1i*(-0.000241989),0.0015262+1i*(0.000618156),0.000641436+1i*(-0.0100968),
82.6038,0.0487961+1i*(-0.258151),-0.00530822+1i*(0.00794257),0.00109743+1i*(-0.00513529),-0.000133802+1i*(0.00220853),0.00197485+1i*(-0.00887069),-0.00152903+1i*(-0.000352179),0.000379012+1i*(-0.000242177),0.00152789+1i*(0.000609507),0.000635021+1i*(-0.0101242),
83.1764,0.0466093+1i*(-0.25476),-0.00513273+1i*(0.00789277),0.00102563+1i*(-0.00502121),-0.000138932+1i*(0.00221414),0.00196195+1i*(-0.0088957),-0.00153138+1i*(-0.000345674),0.00037857+1i*(-0.00024265),0.00152967+1i*(0.000601079),0.000628766+1i*(-0.0101514),
83.7529,0.044521+1i*(-0.251426),-0.00496309+1i*(0.00784098),0.000957759+1i*(-0.00490967),-0.000143669+1i*(0.00221997),0.0019492+1i*(-0.00892063),-0.0015338+1i*(-0.000339332),0.000378292+1i*(-0.000243391),0.00153152+1i*(0.00059286),0.000622662+1i*(-0.0101786),
84.3335,0.0425263+1i*(-0.248149),-0.00479908+1i*(0.00778743),0.000893588+1i*(-0.00480063),-0.000148029+1i*(0.00222599),0.0019366+1i*(-0.00894547),-0.0015363+1i*(-0.000333144),0.000378163+1i*(-0.00024438),0.00153345+1i*(0.00058484),0.000616697+1i*(-0.0102056),
84.918,0.0406203+1i*(-0.24493),-0.00464051+1i*(0.00773231),0.000832901+1i*(-0.00469405),-0.000152028+1i*(0.00223218),0.00192414+1i*(-0.00897022),-0.00153887+1i*(-0.000327102),0.000378165+1i*(-0.000245602),0.00153544+1i*(0.000577006),0.000610864+1i*(-0.0102326),
85.5067,0.0387986+1i*(-0.241767),-0.00448717+1i*(0.00767583),0.000775493+1i*(-0.00458988),-0.000155684+1i*(0.00223852),0.00191181+1i*(-0.00899488),-0.0015415+1i*(-0.0003212),0.000378285+1i*(-0.000247042),0.00153749+1i*(0.00056935),0.000605153+1i*(-0.0102594),
86.0994,0.0370571+1i*(-0.238659),-0.00433888+1i*(0.00761816),0.000721173+1i*(-0.00448805),-0.000159012+1i*(0.002245),0.0018996+1i*(-0.00901942),-0.00154418+1i*(-0.00031543),0.00037851+1i*(-0.000248684),0.00153961+1i*(0.000561861),0.000599555+1i*(-0.010286),
86.6962,0.0353916+1i*(-0.235607),-0.00419545+1i*(0.00755945),0.000669765+1i*(-0.00438853),-0.000162025+1i*(0.0022516),0.0018875+1i*(-0.00904385),-0.00154692+1i*(-0.000309785),0.000378828+1i*(-0.000250516),0.00154178+1i*(0.00055453),0.000594062+1i*(-0.0103125),
87.2971,0.0337985+1i*(-0.232609),-0.00405671+1i*(0.00749986),0.000621102+1i*(-0.00429126),-0.000164738+1i*(0.0022583),0.00187551+1i*(-0.00906817),-0.00154971+1i*(-0.000304259),0.000379229+1i*(-0.000252523),0.001544+1i*(0.00054735),0.000588668+1i*(-0.0103389),
87.9023,0.0322742+1i*(-0.229665),-0.00392247+1i*(0.00743951),0.000575027+1i*(-0.00419618),-0.000167165+1i*(0.00226509),0.00186362+1i*(-0.00909236),-0.00155254+1i*(-0.000298847),0.000379703+1i*(-0.000254694),0.00154627+1i*(0.000540311),0.000583364+1i*(-0.0103651),
88.5116,0.0308153+1i*(-0.226774),-0.00379258+1i*(0.00737853),0.000531395+1i*(-0.00410324),-0.000169316+1i*(0.00227195),0.00185181+1i*(-0.00911642),-0.00155542+1i*(-0.000293542),0.000380241+1i*(-0.000257018),0.00154858+1i*(0.000533406),0.000578144+1i*(-0.0103911),
89.1251,0.0294186+1i*(-0.223934),-0.00366687+1i*(0.00731703),0.000490068+1i*(-0.0040124),-0.000171206+1i*(0.00227888),0.00184009+1i*(-0.00914034),-0.00155832+1i*(-0.000288339),0.000380835+1i*(-0.000259483),0.00155093+1i*(0.000526629),0.000573001+1i*(-0.0104169),
89.7429,0.0280811+1i*(-0.221145),-0.0035452+1i*(0.00725511),0.000450918+1i*(-0.00392359),-0.000172844+1i*(0.00228585),0.00182845+1i*(-0.00916411),-0.00156126+1i*(-0.000283234),0.000381479+1i*(-0.000262079),0.00155331+1i*(0.000519971),0.00056793+1i*(-0.0104425),
90.3649,0.0267998+1i*(-0.218407),-0.0034274+1i*(0.00719287),0.000413825+1i*(-0.00383676),-0.000174242+1i*(0.00229286),0.00181688+1i*(-0.00918774),-0.00156423+1i*(-0.000278221),0.000382164+1i*(-0.000264797),0.00155573+1i*(0.000513427),0.000562923+1i*(-0.0104679),
90.9913,0.0255722+1i*(-0.215717),-0.00331335+1i*(0.00713037),0.000378675+1i*(-0.00375187),-0.00017541+1i*(0.00229991),0.00180538+1i*(-0.00921121),-0.00156721+1i*(-0.000273295),0.000382885+1i*(-0.000267628),0.00155817+1i*(0.00050699),0.000557976+1i*(-0.010493),
91.622,0.0243956+1i*(-0.213076),-0.0032029+1i*(0.00706772),0.000345364+1i*(-0.00366887),-0.000176358+1i*(0.00230697),0.00179393+1i*(-0.00923451),-0.00157022+1i*(-0.000268453),0.000383637+1i*(-0.000270563),0.00156064+1i*(0.000500654),0.000553083+1i*(-0.010518),
92.2571,0.0232676+1i*(-0.210482),-0.00309592+1i*(0.00700497),0.00031379+1i*(-0.0035877),-0.000177095+1i*(0.00231405),0.00178254+1i*(-0.00925764),-0.00157324+1i*(-0.00026369),0.000384414+1i*(-0.000273594),0.00156313+1i*(0.000494415),0.000548239+1i*(-0.0105427),
92.8966,0.0221859+1i*(-0.207934),-0.00299228+1i*(0.00694218),0.000283862+1i*(-0.00350832),-0.00017763+1i*(0.00232113),0.0017712+1i*(-0.0092806),-0.00157627+1i*(-0.000259003),0.000385212+1i*(-0.000276714),0.00156563+1i*(0.000488266),0.000543439+1i*(-0.0105672),
93.5406,0.0211483+1i*(-0.205432),-0.00289187+1i*(0.00687943),0.00025549+1i*(-0.00343068),-0.000177972+1i*(0.00232821),0.00175991+1i*(-0.00930338),-0.00157931+1i*(-0.000254387),0.000386026+1i*(-0.000279915),0.00156814+1i*(0.000482203),0.000538678+1i*(-0.0105914),
94.189,0.0201527+1i*(-0.202974),-0.00279457+1i*(0.00681675),0.000228593+1i*(-0.00335474),-0.000178128+1i*(0.00233528),0.00174865+1i*(-0.00932596),-0.00158234+1i*(-0.000249839),0.000386853+1i*(-0.000283191),0.00157066+1i*(0.00047622),0.000533952+1i*(-0.0106153),
94.8418,0.0191973+1i*(-0.200559),-0.00270026+1i*(0.0067542),0.000203093+1i*(-0.00328045),-0.000178106+1i*(0.00234234),0.00173743+1i*(-0.00934835),-0.00158538+1i*(-0.000245356),0.000387688+1i*(-0.000286536),0.00157319+1i*(0.000470314),0.000529257+1i*(-0.010639),
95.4993,0.0182801+1i*(-0.198187),-0.00260884+1i*(0.00669182),0.000178917+1i*(-0.00320776),-0.000177913+1i*(0.00234937),0.00172625+1i*(-0.00937054),-0.00158842+1i*(-0.000240934),0.000388529+1i*(-0.000289943),0.00157572+1i*(0.000464479),0.000524588+1i*(-0.0106624),
96.1612,0.0173993+1i*(-0.195857),-0.00252021+1i*(0.00662965),0.000155995+1i*(-0.00313664),-0.000177556+1i*(0.00235637),0.00171509+1i*(-0.00939252),-0.00159144+1i*(-0.00023657),0.000389372+1i*(-0.000293408),0.00157824+1i*(0.000458712),0.000519941+1i*(-0.0106856),
96.8278,0.0165534+1i*(-0.193567),-0.00243426+1i*(0.00656772),0.000134264+1i*(-0.00306704),-0.000177042+1i*(0.00236334),0.00170396+1i*(-0.00941428),-0.00159446+1i*(-0.000232262),0.000390215+1i*(-0.000296924),0.00158076+1i*(0.00045301),0.000515313+1i*(-0.0107084),
97.499,0.0157406+1i*(-0.191318),-0.0023509+1i*(0.00650607),0.000113662+1i*(-0.00299893),-0.000176377+1i*(0.00237027),0.00169284+1i*(-0.00943583),-0.00159746+1i*(-0.000228006),0.000391055+1i*(-0.000300487),0.00158327+1i*(0.000447367),0.0005107+1i*(-0.0107309),
98.1748,0.0149596+1i*(-0.189107),-0.00227004+1i*(0.00644473),9.41326e-05+1i*(-0.00293226),-0.000175566+1i*(0.00237716),0.00168175+1i*(-0.00945715),-0.00160044+1i*(-0.0002238),0.000391889+1i*(-0.000304092),0.00158577+1i*(0.000441781),0.000506099+1i*(-0.0107532),
98.8553,0.0142089+1i*(-0.186935),-0.0021916+1i*(0.00638372),7.56205e-05+1i*(-0.00286699),-0.000174617+1i*(0.002384),0.00167067+1i*(-0.00947823),-0.0016034+1i*(-0.000219642),0.000392716+1i*(-0.000307735),0.00158826+1i*(0.000436248),0.000501505+1i*(-0.0107751),
99.5405,0.0134871+1i*(-0.1848),-0.00211548+1i*(0.00632307),5.80752e-05+1i*(-0.0028031),-0.000173533+1i*(0.00239079),0.0016596+1i*(-0.00949907),-0.00160633+1i*(-0.000215528),0.000393532+1i*(-0.000311411),0.00159072+1i*(0.000430765),0.000496917+1i*(-0.0107967),
100.231,0.012793+1i*(-0.182701),-0.00204161+1i*(0.00626279),4.14483e-05+1i*(-0.00274053),-0.00017232+1i*(0.00239752),0.00164853+1i*(-0.00951967),-0.00160924+1i*(-0.000211457),0.000394337+1i*(-0.000315117),0.00159316+1i*(0.00042533),0.000492331+1i*(-0.0108179),
100.925,0.0121253+1i*(-0.180638),-0.00196991+1i*(0.00620291),2.56945e-05+1i*(-0.00267927),-0.000170984+1i*(0.00240419),0.00163748+1i*(-0.00954002),-0.00161211+1i*(-0.000207426),0.000395128+1i*(-0.000318848),0.00159558+1i*(0.000419938),0.000487743+1i*(-0.0108388),
101.625,0.0114828+1i*(-0.17861),-0.00190031+1i*(0.00614343),1.07708e-05+1i*(-0.00261927),-0.000169528+1i*(0.0024108),0.00162643+1i*(-0.00956011),-0.00161495+1i*(-0.000203433),0.000395904+1i*(-0.000322602),0.00159797+1i*(0.000414588),0.000483152+1i*(-0.0108594),
102.329,0.0108646+1i*(-0.176615),-0.00183273+1i*(0.00608439),-3.36335e-06+1i*(-0.0025605),-0.000167957+1i*(0.00241734),0.00161537+1i*(-0.00957994),-0.00161775+1i*(-0.000199477),0.000396662+1i*(-0.000326374),0.00160032+1i*(0.000409276),0.000478554+1i*(-0.0108796),
103.039,0.0102694+1i*(-0.174655),-0.00176711+1i*(0.00602578),-1.67463e-05+1i*(-0.00250293),-0.000166276+1i*(0.00242382),0.00160432+1i*(-0.0095995),-0.00162051+1i*(-0.000195555),0.000397403+1i*(-0.000330163),0.00160265+1i*(0.000404001),0.000473948+1i*(-0.0108995),
103.753,0.00969635+1i*(-0.172726),-0.00170339+1i*(0.00596763),-2.94143e-05+1i*(-0.00244654),-0.000164488+1i*(0.00243021),0.00159326+1i*(-0.00961878),-0.00162323+1i*(-0.000191665),0.000398123+1i*(-0.000333964),0.00160493+1i*(0.00039876),0.000469329+1i*(-0.010919),
104.472,0.00914448+1i*(-0.17083),-0.00164149+1i*(0.00590993),-4.14015e-05+1i*(-0.00239128),-0.000162597+1i*(0.00243654),0.00158219+1i*(-0.00963778),-0.00162589+1i*(-0.000187806),0.000398823+1i*(-0.000337775),0.00160718+1i*(0.00039355),0.000464697+1i*(-0.0109381),
105.196,0.00861287+1i*(-0.168965),-0.00158135+1i*(0.0058527),-5.27405e-05+1i*(-0.00233714),-0.000160608+1i*(0.00244278),0.00157111+1i*(-0.0096565),-0.00162851+1i*(-0.000183976),0.0003995+1i*(-0.000341593),0.00160938+1i*(0.00038837),0.000460048+1i*(-0.0109568),
105.925,0.00810067+1i*(-0.16713),-0.00152293+1i*(0.00579595),-6.34618e-05+1i*(-0.00228408),-0.000158523+1i*(0.00244894),0.00156003+1i*(-0.00967492),-0.00163108+1i*(-0.000180174),0.000400153+1i*(-0.000345416),0.00161154+1i*(0.000383217),0.000455381+1i*(-0.0109752),
106.66,0.00760706+1i*(-0.165325),-0.00146616+1i*(0.00573968),-7.35946e-05+1i*(-0.00223207),-0.000156347+1i*(0.00245502),0.00154893+1i*(-0.00969304),-0.00163359+1i*(-0.000176397),0.000400782+1i*(-0.000349241),0.00161364+1i*(0.000378089),0.000450693+1i*(-0.0109932),
107.399,0.00713126+1i*(-0.163549),-0.00141099+1i*(0.0056839),-8.31663e-05+1i*(-0.0021811),-0.000154081+1i*(0.00246101),0.00153782+1i*(-0.00971086),-0.00163604+1i*(-0.000172645),0.000401386+1i*(-0.000353066),0.0016157+1i*(0.000372985),0.000445983+1i*(-0.0110108),
108.143,0.00667252+1i*(-0.161801),-0.00135737+1i*(0.00562861),-9.22029e-05+1i*(-0.00213113),-0.00015173+1i*(0.00246691),0.00152669+1i*(-0.00972838),-0.00163843+1i*(-0.000168916),0.000401963+1i*(-0.000356889),0.0016177+1i*(0.000367904),0.000441248+1i*(-0.0110279),
108.893,0.00623015+1i*(-0.160081),-0.00130525+1i*(0.00557382),-0.000100729+1i*(-0.00208215),-0.000149297+1i*(0.00247272),0.00151554+1i*(-0.00974557),-0.00164076+1i*(-0.000165209),0.000402512+1i*(-0.000360707),0.00161964+1i*(0.000362842),0.000436487+1i*(-0.0110447),
109.648,0.00580346+1i*(-0.158389),-0.00125457+1i*(0.00551952),-0.000108769+1i*(-0.00203412),-0.000146784+1i*(0.00247843),0.00150437+1i*(-0.00976245),-0.00164302+1i*(-0.000161522),0.000403033+1i*(-0.00036452),0.00162153+1i*(0.000357799),0.000431698+1i*(-0.011061),
110.408,0.00539181+1i*(-0.156723),-0.00120531+1i*(0.00546572),-0.000116344+1i*(-0.00198703),-0.000144194+1i*(0.00248405),0.00149319+1i*(-0.009779),-0.00164522+1i*(-0.000157855),0.000403525+1i*(-0.000368324),0.00162335+1i*(0.000352774),0.000426879+1i*(-0.011077),
111.173,0.0049946+1i*(-0.155083),-0.0011574+1i*(0.00541243),-0.000123475+1i*(-0.00194085),-0.00014153+1i*(0.00248958),0.00148198+1i*(-0.00979522),-0.00164734+1i*(-0.000154206),0.000403987+1i*(-0.000372118),0.00162511+1i*(0.000347764),0.000422028+1i*(-0.0110925),
111.944,0.00461123+1i*(-0.153468),-0.00111081+1i*(0.00535963),-0.000130183+1i*(-0.00189556),-0.000138794+1i*(0.002495),0.00147075+1i*(-0.00981111),-0.00164939+1i*(-0.000150574),0.000404418+1i*(-0.000375901),0.0016268+1i*(0.000342769),0.000417145+1i*(-0.0111075),
112.72,0.00424116+1i*(-0.151878),-0.0010655+1i*(0.00530734),-0.000136486+1i*(-0.00185114),-0.000135989+1i*(0.00250032),0.00145949+1i*(-0.00982665),-0.00165136+1i*(-0.000146958),0.000404818+1i*(-0.00037967),0.00162842+1i*(0.000337788),0.000412227+1i*(-0.0111222),
113.501,0.00388384+1i*(-0.150313),-0.00102143+1i*(0.00525554),-0.000142403+1i*(-0.00180757),-0.000133117+1i*(0.00250554),0.00144821+1i*(-0.00984185),-0.00165325+1i*(-0.000143358),0.000405186+1i*(-0.000383425),0.00162997+1i*(0.000332818),0.000407273+1i*(-0.0111364),
114.288,0.00353877+1i*(-0.148771),-0.000978557+1i*(0.00520425),-0.000147951+1i*(-0.00176483),-0.000130181+1i*(0.00251065),0.0014369+1i*(-0.00985669),-0.00165506+1i*(-0.000139772),0.000405521+1i*(-0.000387163),0.00163144+1i*(0.00032786),0.000402282+1i*(-0.0111501),
115.08,0.00320546+1i*(-0.147253),-0.000936849+1i*(0.00515346),-0.000153145+1i*(-0.0017229),-0.000127182+1i*(0.00251565),0.00142557+1i*(-0.00987119),-0.00165679+1i*(-0.000136199),0.000405822+1i*(-0.000390884),0.00163284+1i*(0.000322912),0.000397253+1i*(-0.0111634),
115.878,0.00288346+1i*(-0.145757),-0.000896269+1i*(0.00510316),-0.000158002+1i*(-0.00168177),-0.000124123+1i*(0.00252055),0.00141421+1i*(-0.00988532),-0.00165844+1i*(-0.000132639),0.00040609+1i*(-0.000394586),0.00163416+1i*(0.000317973),0.000392184+1i*(-0.0111762),
116.681,0.00257231+1i*(-0.144284),-0.000856784+1i*(0.00505335),-0.000162537+1i*(-0.00164141),-0.000121005+1i*(0.00252533),0.00140282+1i*(-0.00989908),-0.00165999+1i*(-0.000129091),0.000406323+1i*(-0.000398268),0.0016354+1i*(0.000313043),0.000387075+1i*(-0.0111886),
117.49,0.00227161+1i*(-0.142832),-0.000818362+1i*(0.00500404),-0.000166762+1i*(-0.00160181),-0.000117831+1i*(0.00253001),0.0013914+1i*(-0.00991247),-0.00166146+1i*(-0.000125554),0.000406521+1i*(-0.000401928),0.00163656+1i*(0.00030812),0.000381923+1i*(-0.0112005),
118.304,0.00198093+1i*(-0.141402),-0.000780971+1i*(0.00495522),-0.000170693+1i*(-0.00156296),-0.000114603+1i*(0.00253457),0.00137994+1i*(-0.00992549),-0.00166283+1i*(-0.000122028),0.000406684+1i*(-0.000405566),0.00163763+1i*(0.000303203),0.00037673+1i*(-0.011212),
119.124,0.00169989+1i*(-0.139993),-0.00074458+1i*(0.00490689),-0.000174341+1i*(-0.00152482),-0.000111322+1i*(0.00253902),0.00136846+1i*(-0.00993814),-0.00166411+1i*(-0.000118512),0.00040681+1i*(-0.00040918),0.00163862+1i*(0.000298293),0.000371492+1i*(-0.0112229),
119.95,0.00142814+1i*(-0.138604),-0.000709161+1i*(0.00485904),-0.000177718+1i*(-0.0014874),-0.00010799+1i*(0.00254335),0.00135695+1i*(-0.00995039),-0.0016653+1i*(-0.000115005),0.0004069+1i*(-0.000412769),0.00163951+1i*(0.000293388),0.00036621+1i*(-0.0112334),
120.781,0.0011653+1i*(-0.137235),-0.000674685+1i*(0.00481167),-0.000180836+1i*(-0.00145067),-0.000104609+1i*(0.00254756),0.0013454+1i*(-0.00996226),-0.00166639+1i*(-0.000111507),0.000406954+1i*(-0.000416332),0.00164032+1i*(0.000288488),0.000360882+1i*(-0.0112434),
121.619,0.000911049+1i*(-0.135886),-0.000641126+1i*(0.00476478),-0.000183707+1i*(-0.00141463),-0.00010118+1i*(0.00255166),0.00133383+1i*(-0.00997374),-0.00166738+1i*(-0.000108017),0.000406969+1i*(-0.000419869),0.00164103+1i*(0.000283593),0.000355509+1i*(-0.011253),
122.462,0.000665056+1i*(-0.134556),-0.000608456+1i*(0.00471837),-0.00018634+1i*(-0.00137925),-9.77061e-05+1i*(0.00255563),0.00132222+1i*(-0.00998482),-0.00166826+1i*(-0.000104535),0.000406947+1i*(-0.000423379),0.00164165+1i*(0.000278701),0.000350089+1i*(-0.011262),
123.31,0.000427014+1i*(-0.133245),-0.000576652+1i*(0.00467242),-0.000188745+1i*(-0.00134452),-9.41875e-05+1i*(0.00255948),0.00131057+1i*(-0.00999551),-0.00166905+1i*(-0.000101061),0.000406887+1i*(-0.000426859),0.00164217+1i*(0.000273813),0.000344621+1i*(-0.0112705),
124.165,0.000196624+1i*(-0.131952),-0.000545688+1i*(0.00462694),-0.000190933+1i*(-0.00131042),-9.0626e-05+1i*(0.00256322),0.0012989+1i*(-0.0100058),-0.00166973+1i*(-9.75933e-05),0.000406788+1i*(-0.000430311),0.00164259+1i*(0.000268927),0.000339105+1i*(-0.0112786),
125.026,-2.63961e-05+1i*(-0.130677),-0.00051554+1i*(0.00458193),-0.000192912+1i*(-0.00127696),-8.70231e-05+1i*(0.00256682),0.00128719+1i*(-0.0100157),-0.0016703+1i*(-9.41328e-05),0.00040665+1i*(-0.000433732),0.00164291+1i*(0.000264045),0.000333541+1i*(-0.0112861),
125.893,-0.00024232+1i*(-0.12942),-0.000486187+1i*(0.00453737),-0.000194691+1i*(-0.0012441),-8.33803e-05+1i*(0.00257031),0.00127544+1i*(-0.0100251),-0.00167077+1i*(-9.06789e-05),0.000406473+1i*(-0.000437122),0.00164314+1i*(0.000259165),0.000327928+1i*(-0.0112932),
126.765,-0.000451408+1i*(-0.12818),-0.000457606+1i*(0.00449326),-0.000196278+1i*(-0.00121185),-7.96989e-05+1i*(0.00257367),0.00126367+1i*(-0.0100342),-0.00167113+1i*(-8.72312e-05),0.000406256+1i*(-0.000440481),0.00164326+1i*(0.000254287),0.000322265+1i*(-0.0112997),
127.644,-0.00065391+1i*(-0.126957),-0.000429775+1i*(0.00444961),-0.000197681+1i*(-0.00118018),-7.59803e-05+1i*(0.0025769),0.00125185+1i*(-0.0100428),-0.00167137+1i*(-8.37895e-05),0.000405999+1i*(-0.000443807),0.00164327+1i*(0.000249412),0.000316552+1i*(-0.0113057),
128.529,-0.000850066+1i*(-0.125751),-0.000402675+1i*(0.0044064),-0.000198908+1i*(-0.0011491),-7.22257e-05+1i*(0.00258),0.00124001+1i*(-0.010051),-0.00167151+1i*(-8.03536e-05),0.000405702+1i*(-0.0004471),0.00164318+1i*(0.000244538),0.00031079+1i*(-0.0113112),
129.42,-0.00104011+1i*(-0.12456),-0.000376286+1i*(0.00436363),-0.000199965+1i*(-0.00111857),-6.84363e-05+1i*(0.00258298),0.00122813+1i*(-0.0100588),-0.00167153+1i*(-7.69234e-05),0.000405364+1i*(-0.00045036),0.00164299+1i*(0.000239667),0.000304977+1i*(-0.0113162),
130.317,-0.00122425+1i*(-0.123386),-0.000350587+1i*(0.0043213),-0.00020086+1i*(-0.0010886),-6.46135e-05+1i*(0.00258583),0.00121622+1i*(-0.0100661),-0.00167144+1i*(-7.34988e-05),0.000404985+1i*(-0.000453585),0.00164268+1i*(0.000234797),0.000299114+1i*(-0.0113207),
131.22,-0.00140271+1i*(-0.122228),-0.000325561+1i*(0.00427941),-0.0002016+1i*(-0.00105918),-6.07584e-05+1i*(0.00258855),0.00120428+1i*(-0.010073),-0.00167123+1i*(-7.00796e-05),0.000404566+1i*(-0.000456776),0.00164227+1i*(0.00022993),0.0002932+1i*(-0.0113247),
132.13,-0.00157569+1i*(-0.121085),-0.00030119+1i*(0.00423794),-0.000202189+1i*(-0.00103029),-5.68721e-05+1i*(0.00259113),0.0011923+1i*(-0.0100795),-0.00167091+1i*(-6.66659e-05),0.000404104+1i*(-0.000459931),0.00164174+1i*(0.000225064),0.000287235+1i*(-0.0113281),
133.045,-0.00174338+1i*(-0.119956),-0.000277456+1i*(0.00419689),-0.000202636+1i*(-0.00100192),-5.29557e-05+1i*(0.00259359),0.00118029+1i*(-0.0100856),-0.00167046+1i*(-6.32577e-05),0.000403601+1i*(-0.00046305),0.00164111+1i*(0.0002202),0.00028122+1i*(-0.011331),
133.968,-0.00190597+1i*(-0.118843),-0.000254341+1i*(0.00415626),-0.000202944+1i*(-0.000974059),-4.90102e-05+1i*(0.00259591),0.00116825+1i*(-0.0100912),-0.0016699+1i*(-5.98549e-05),0.000403056+1i*(-0.000466133),0.00164036+1i*(0.000215339),0.000275154+1i*(-0.0113334),
134.896,-0.00206364+1i*(-0.117744),-0.000231831+1i*(0.00411605),-0.000203119+1i*(-0.000946706),-4.50368e-05+1i*(0.0025981),0.00115618+1i*(-0.0100964),-0.00166922+1i*(-5.64578e-05),0.000402469+1i*(-0.00046918),0.0016395+1i*(0.00021048),0.000269038+1i*(-0.0113353),
135.831,-0.00221656+1i*(-0.116659),-0.000209908+1i*(0.00407625),-0.000203168+1i*(-0.000919846),-4.10362e-05+1i*(0.00260015),0.00114407+1i*(-0.0101011),-0.00166842+1i*(-5.30663e-05),0.000401839+1i*(-0.000472189),0.00163852+1i*(0.000205624),0.000262871+1i*(-0.0113366),
136.773,-0.0023649+1i*(-0.115588),-0.000188558+1i*(0.00403685),-0.000203093+1i*(-0.00089347),-3.70096e-05+1i*(0.00260207),0.00113194+1i*(-0.0101054),-0.0016675+1i*(-4.96807e-05),0.000401166+1i*(-0.000475161),0.00163743+1i*(0.00020077),0.000256653+1i*(-0.0113374),
137.721,-0.00250881+1i*(-0.114531),-0.000167765+1i*(0.00399785),-0.000202901+1i*(-0.00086757),-3.29576e-05+1i*(0.00260385),0.00111977+1i*(-0.0101092),-0.00166645+1i*(-4.63012e-05),0.00040045+1i*(-0.000478095),0.00163623+1i*(0.000195921),0.000250386+1i*(-0.0113377),
138.676,-0.00264846+1i*(-0.113487),-0.000147515+1i*(0.00395925),-0.000202595+1i*(-0.000842136),-2.88812e-05+1i*(0.0026055),0.00110758+1i*(-0.0101126),-0.00166528+1i*(-4.29281e-05),0.000399691+1i*(-0.000480992),0.00163491+1i*(0.000191075),0.00024407+1i*(-0.0113375),
139.637,-0.00278398+1i*(-0.112456),-0.000127793+1i*(0.00392104),-0.000202179+1i*(-0.00081716),-2.4781e-05+1i*(0.00260701),0.00109535+1i*(-0.0101155),-0.00166399+1i*(-3.95618e-05),0.000398887+1i*(-0.00048385),0.00163347+1i*(0.000186233),0.000237704+1i*(-0.0113367),
140.605,-0.00291552+1i*(-0.111438),-0.000108585+1i*(0.00388322),-0.000201657+1i*(-0.000792632),-2.06576e-05+1i*(0.00260838),0.0010831+1i*(-0.010118),-0.00166258+1i*(-3.62027e-05),0.000398039+1i*(-0.000486671),0.00163191+1i*(0.000181397),0.000231291+1i*(-0.0113354),
141.579,-0.00304321+1i*(-0.110433),-8.98775e-05+1i*(0.00384577),-0.000201033+1i*(-0.000768544),-1.65116e-05+1i*(0.00260961),0.00107082+1i*(-0.01012),-0.00166104+1i*(-3.28514e-05),0.000397147+1i*(-0.000489453),0.00163024+1i*(0.000176566),0.000224829+1i*(-0.0113335),
142.561,-0.00316719+1i*(-0.10944),-7.16569e-05+1i*(0.0038087),-0.000200309+1i*(-0.000744888),-1.23433e-05+1i*(0.00261071),0.00105852+1i*(-0.0101216),-0.00165938+1i*(-2.95085e-05),0.000396209+1i*(-0.000492198),0.00162844+1i*(0.000171742),0.000218321+1i*(-0.0113312),
143.549,-0.00328759+1i*(-0.10846),-5.39096e-05+1i*(0.00377201),-0.000199488+1i*(-0.000721653),-8.1529e-06+1i*(0.00261166),0.00104619+1i*(-0.0101227),-0.0016576+1i*(-2.61749e-05),0.000395225+1i*(-0.000494906),0.00162654+1i*(0.000166926),0.000211767+1i*(-0.0113283),
144.544,-0.00340451+1i*(-0.107491),-3.66223e-05+1i*(0.00373567),-0.000198574+1i*(-0.000698832),-3.94025e-06+1i*(0.00261247),0.00103384+1i*(-0.0101233),-0.00165569+1i*(-2.28517e-05),0.000394194+1i*(-0.000497578),0.00162451+1i*(0.000162118),0.000205169+1i*(-0.0113248),
145.546,-0.00351809+1i*(-0.106534),-1.97811e-05+1i*(0.0036997),-0.000197567+1i*(-0.000676414),2.95105e-07+1i*(0.00261314),0.00102147+1i*(-0.0101235),-0.00165366+1i*(-1.95401e-05),0.000393116+1i*(-0.000500214),0.00162236+1i*(0.000157321),0.000198528+1i*(-0.0113208),
146.555,-0.00362844+1i*(-0.105588),-3.37235e-06+1i*(0.00366408),-0.000196469+1i*(-0.00065439),4.55413e-06+1i*(0.00261366),0.00100908+1i*(-0.0101232),-0.0016515+1i*(-1.62421e-05),0.00039199+1i*(-0.000502817),0.0016201+1i*(0.000152537),0.000191846+1i*(-0.0113163),
147.571,-0.00373566+1i*(-0.104654),1.2618e-05+1i*(0.0036288),-0.000195281+1i*(-0.00063275),8.83852e-06+1i*(0.00261404),0.000996667+1i*(-0.0101225),-0.00164922+1i*(-1.29599e-05),0.000390813+1i*(-0.000505388),0.00161772+1i*(0.000147768),0.000185126+1i*(-0.0113113),
148.594,-0.00383986+1i*(-0.103731),2.82013e-05+1i*(0.00359386),-0.000194+1i*(-0.000611486),1.31511e-05+1i*(0.00261428),0.000984248+1i*(-0.0101213),-0.00164682+1i*(-9.69661e-06),0.000389586+1i*(-0.000507932),0.00161523+1i*(0.000143017),0.000178373+1i*(-0.0113057),
149.624,-0.00394092+1i*(-0.102819),4.33311e-05+1i*(0.00355921),-0.000192594+1i*(-0.000590642),1.74961e-05+1i*(0.00261436),0.00097182+1i*(-0.0101196),-0.0016443+1i*(-6.45675e-06),0.000388306+1i*(-0.000510454),0.00161262+1i*(0.00013829),0.00017159+1i*(-0.0112996),
150.661,-0.00404007+1i*(-0.101917),5.83793e-05+1i*(0.00352501),-0.000191237+1i*(-0.000569876),2.18811e-05+1i*(0.00261429),0.000959392+1i*(-0.0101175),-0.00164165+1i*(-3.24629e-06),0.00038697+1i*(-0.000512963),0.0016099+1i*(0.000133594),0.000164784+1i*(-0.011293),
151.705,-0.00413584+1i*(-0.101026),7.28736e-05+1i*(0.00349103),-0.00018968+1i*(-0.000549625),2.63162e-05+1i*(0.00261408),0.000946972+1i*(-0.010115),-0.00163888+1i*(-7.47532e-08),0.000385582+1i*(-0.000515469),0.00160706+1i*(0.000128937),0.000157967+1i*(-0.0112858),
152.757,-0.00422918+1i*(-0.100145),8.71165e-05+1i*(0.00345738),-0.00018806+1i*(-0.000529611),3.08195e-05+1i*(0.00261371),0.000934576+1i*(-0.0101119),-0.00163598+1i*(3.04452e-06),0.000384142+1i*(-0.000517993),0.0016041+1i*(0.000124336),0.000151152+1i*(-0.0112782),
153.815,-0.00432017+1i*(-0.0992747),0.000101143+1i*(0.00342405),-0.000186381+1i*(-0.000509801),3.54183e-05+1i*(0.00261321),0.000922225+1i*(-0.0101084),-0.00163295+1i*(6.09136e-06),0.00038266+1i*(-0.000520565),0.00160101+1i*(0.000119813),0.000144361+1i*(-0.0112699),
154.882,-0.00440898+1i*(-0.0984141),0.000115039+1i*(0.00339109),-0.000184696+1i*(-0.000490115),4.01548e-05+1i*(0.00261259),0.00090995+1i*(-0.0101044),-0.00162975+1i*(9.03736e-06),0.000381167+1i*(-0.00052323),0.00159778+1i*(0.0001154),0.000137624+1i*(-0.0112611),
155.955,-0.00449586+1i*(-0.0975636),0.000128922+1i*(0.0033586),-0.000183137+1i*(-0.000470449),4.50837e-05+1i*(0.00261193),0.000897788+1i*(-0.0100999),-0.00162633+1i*(1.18507e-05),0.000379741+1i*(-0.000526046),0.00159432+1i*(0.000111136),0.000130977+1i*(-0.0112517),
157.036,-0.00458102+1i*(-0.0967232),0.000142875+1i*(0.0033269),-0.000182014+1i*(-0.000450748),5.02324e-05+1i*(0.00261141),0.000885751+1i*(-0.0100946),-0.00162256+1i*(1.45321e-05),0.000378568+1i*(-0.000529042),0.00159052+1i*(0.00010703),0.000124416+1i*(-0.0112415),
158.125,-0.00466427+1i*(-0.0958936),0.000156662+1i*(0.00329651),-0.00018185+1i*(-0.000431297),5.54386e-05+1i*(0.00261132),0.000873699+1i*(-0.0100885),-0.00161823+1i*(1.72379e-05),0.000377957+1i*(-0.000532041),0.00158614+1i*(0.000102933),0.000117773+1i*(-0.0112303),
159.221,-0.00474435+1i*(-0.0950752),0.000169266+1i*(0.0032677),-0.000182818+1i*(-0.000413134),6.01187e-05+1i*(0.00261174),0.000861193+1i*(-0.0100814),-0.00161337+1i*(2.04098e-05),0.000378003+1i*(-0.00053442),0.00158116+1i*(9.8374e-05),0.000110576+1i*(-0.0112182),
160.325,-0.00481987+1i*(-0.0942663),0.000179713+1i*(0.00323928),-0.000183671+1i*(-0.000397138),6.37773e-05+1i*(0.00261199),0.000847913+1i*(-0.010074),-0.00160854+1i*(2.43227e-05),0.000377959+1i*(-0.000535657),0.00157617+1i*(9.30152e-05),0.000102538+1i*(-0.0112057),
161.436,-0.0048918+1i*(-0.0934647),0.000188813+1i*(0.00320984),-0.000183066+1i*(-0.000382382),6.69279e-05+1i*(0.00261131),0.000834293+1i*(-0.0100667),-0.00160423+1i*(2.85002e-05),0.000377025+1i*(-0.00053631),0.00157172+1i*(8.73247e-05),9.41737e-05+1i*(-0.0111934),
162.555,-0.00496191+1i*(-0.0926705),0.000197828+1i*(0.00317953),-0.000181257+1i*(-0.000367621),7.0262e-05+1i*(0.00260985),0.000820838+1i*(-0.0100595),-0.00160026+1i*(3.24493e-05),0.000375359+1i*(-0.000537115),0.00156767+1i*(8.18425e-05),8.60083e-05+1i*(-0.011181),
163.682,-0.00503077+1i*(-0.0918842),0.000207102+1i*(0.00314903),-0.000178956+1i*(-0.000352572),7.3935e-05+1i*(0.002608),0.000807641+1i*(-0.0100519),-0.00159631+1i*(3.61054e-05),0.000373387+1i*(-0.000538236),0.00156366+1i*(7.66622e-05),7.81082e-05+1i*(-0.0111683),
164.816,-0.00509833+1i*(-0.0911064),0.00021652+1i*(0.00311871),-0.000176542+1i*(-0.000337383),7.78608e-05+1i*(0.00260596),0.000794625+1i*(-0.0100439),-0.00159224+1i*(3.9558e-05),0.000371333+1i*(-0.00053958),0.00155956+1i*(7.17004e-05),7.03767e-05+1i*(-0.0111551),
165.959,-0.00516446+1i*(-0.090337),0.00022593+1i*(0.00308871),-0.00017414+1i*(-0.000322221),8.19436e-05+1i*(0.00260382),0.000781715+1i*(-0.0100354),-0.001588+1i*(4.28858e-05),0.00036927+1i*(-0.000541044),0.00155531+1i*(6.68764e-05),6.27296e-05+1i*(-0.0111413),
167.109,-0.00522907+1i*(-0.089576),0.00023523+1i*(0.00305907),-0.000171781+1i*(-0.000307191),8.61201e-05+1i*(0.00260159),0.000768866+1i*(-0.0100264),-0.0015836+1i*(4.61365e-05),0.000367214+1i*(-0.000542561),0.0015509+1i*(6.21401e-05),5.51166e-05+1i*(-0.011127),
168.267,-0.00529212+1i*(-0.0888232),0.000244361+1i*(0.00302979),-0.00016946+1i*(-0.000292356),9.03529e-05+1i*(0.00259925),0.000756052+1i*(-0.0100169),-0.00157905+1i*(4.93363e-05),0.000365164+1i*(-0.000544092),0.00154633+1i*(5.74632e-05),4.75103e-05+1i*(-0.0111121),
169.434,-0.00535362+1i*(-0.0880786),0.000253289+1i*(0.00300085),-0.00016717+1i*(-0.000277749),9.46201e-05+1i*(0.00259682),0.000743257+1i*(-0.0100069),-0.00157435+1i*(5.24997e-05),0.000363112+1i*(-0.000545613),0.00154163+1i*(5.28301e-05),3.98956e-05+1i*(-0.0110967),
170.608,-0.00541358+1i*(-0.0873419),0.000261999+1i*(0.00297224),-0.0001649+1i*(-0.000263388),9.89084e-05+1i*(0.00259428),0.000730475+1i*(-0.00999646),-0.0015695+1i*(5.56347e-05),0.000361053+1i*(-0.000547111),0.00153679+1i*(4.82317e-05),3.22647e-05+1i*(-0.0110808),
171.791,-0.00547202+1i*(-0.0866131),0.000270481+1i*(0.00294395),-0.000162642+1i*(-0.000249283),0.000103209+1i*(0.00259164),0.000717701+1i*(-0.00998554),-0.00156453+1i*(5.8746e-05),0.000358981+1i*(-0.000548579),0.00153181+1i*(4.36632e-05),2.46133e-05+1i*(-0.0110644),
172.982,-0.00552899+1i*(-0.0858921),0.000278732+1i*(0.00291597),-0.000160392+1i*(-0.000235438),0.000107518+1i*(0.00258887),0.000704934+1i*(-0.00997414),-0.00155942+1i*(6.18359e-05),0.000356892+1i*(-0.00055001),0.00152672+1i*(3.91218e-05),1.69393e-05+1i*(-0.0110474),
174.181,-0.00558452+1i*(-0.0851786),0.000286752+1i*(0.00288829),-0.000158143+1i*(-0.000221854),0.00011183+1i*(0.00258599),0.000692171+1i*(-0.00996229),-0.00155419+1i*(6.4906e-05),0.000354784+1i*(-0.000551403),0.00152149+1i*(3.46059e-05),9.24183e-06+1i*(-0.01103),
175.388,-0.00563864+1i*(-0.0844726),0.000294542+1i*(0.0028609),-0.000155894+1i*(-0.00020853),0.000116142+1i*(0.00258299),0.000679414+1i*(-0.00994998),-0.00154883+1i*(6.79568e-05),0.000352653+1i*(-0.000552753),0.00151615+1i*(3.01148e-05),1.52074e-06+1i*(-0.011012),
176.604,-0.0056914+1i*(-0.0837739),0.000302106+1i*(0.00283381),-0.000153642+1i*(-0.000195466),0.000120454+1i*(0.00257987),0.000666663+1i*(-0.00993721),-0.00154336+1i*(7.09888e-05),0.000350498+1i*(-0.000554061),0.00151069+1i*(2.56482e-05),-6.22366e-06+1i*(-0.0109936),
177.828,-0.00574283+1i*(-0.0830825),0.000309446+1i*(0.00280699),-0.000151385+1i*(-0.000182659),0.000124763+1i*(0.00257663),0.000653918+1i*(-0.00992399),-0.00153776+1i*(7.40019e-05),0.000348319+1i*(-0.000555324),0.00150512+1i*(2.12063e-05),-1.39908e-05+1i*(-0.0109747),
179.061,-0.00579297+1i*(-0.0823982),0.000316567+1i*(0.00278046),-0.000149123+1i*(-0.000170106),0.000129067+1i*(0.00257327),0.00064118+1i*(-0.00991033),-0.00153206+1i*(7.69959e-05),0.000346113+1i*(-0.000556543),0.00149944+1i*(1.67893e-05),-2.17798e-05+1i*(-0.0109553),
180.302,-0.00584185+1i*(-0.081721),0.000323472+1i*(0.0027542),-0.000146856+1i*(-0.000157804),0.000133367+1i*(0.00256978),0.000628449+1i*(-0.00989622),-0.00152624+1i*(7.99707e-05),0.000343881+1i*(-0.000557716),0.00149365+1i*(1.23976e-05),-2.95898e-05+1i*(-0.0109354),
181.552,-0.00588951+1i*(-0.0810506),0.000330166+1i*(0.0027282),-0.000144582+1i*(-0.00014575),0.000137661+1i*(0.00256618),0.000615728+1i*(-0.00988167),-0.0015203+1i*(8.29259e-05),0.000341623+1i*(-0.000558844),0.00148775+1i*(8.03157e-06),-3.74198e-05+1i*(-0.0109151),
182.81,-0.00593599+1i*(-0.0803871),0.000336653+1i*(0.00270248),-0.000142302+1i*(-0.000133941),0.000141947+1i*(0.00256245),0.000603018+1i*(-0.00986668),-0.00151426+1i*(8.58611e-05),0.000339337+1i*(-0.000559926),0.00148174+1i*(3.6919e-06),-4.52688e-05+1i*(-0.0108943),
184.077,-0.00598131+1i*(-0.0797302),0.000342937+1i*(0.00267701),-0.000140016+1i*(-0.000122373),0.000146227+1i*(0.0025586),0.000590318+1i*(-0.00985126),-0.00150812+1i*(8.87759e-05),0.000337025+1i*(-0.000560962),0.00147563+1i*(-6.20893e-07),-5.31355e-05+1i*(-0.010873),
185.353,-0.00602552+1i*(-0.07908),0.000349023+1i*(0.0026518),-0.000137724+1i*(-0.000111043),0.000150497+1i*(0.00255463),0.000577632+1i*(-0.00983541),-0.00150186+1i*(9.16698e-05),0.000334685+1i*(-0.000561952),0.00146942+1i*(-4.90619e-06),-6.1019e-05+1i*(-0.0108513),
186.638,-0.00606863+1i*(-0.0784362),0.000354916+1i*(0.00262685),-0.000135427+1i*(-9.99473e-05),0.000154759+1i*(0.00255054),0.000564959+1i*(-0.00981913),-0.00149551+1i*(9.45425e-05),0.000332319+1i*(-0.000562896),0.00146311+1i*(-9.16338e-06),-6.89179e-05+1i*(-0.0108291),
187.932,-0.00611069+1i*(-0.0777989),0.000360618+1i*(0.00260215),-0.000133125+1i*(-8.90827e-05),0.000159012+1i*(0.00254633),0.000552301+1i*(-0.00980243),-0.00148905+1i*(9.73935e-05),0.000329927+1i*(-0.000563794),0.0014567+1i*(-1.33918e-05),-7.68312e-05+1i*(-0.0108065),
189.234,-0.00615172+1i*(-0.0771679),0.000366136+1i*(0.0025777),-0.000130818+1i*(-7.84457e-05),0.000163254+1i*(0.00254201),0.00053966+1i*(-0.0097853),-0.00148249+1i*(0.000100222),0.000327508+1i*(-0.000564646),0.00145019+1i*(-1.75909e-05),-8.47577e-05+1i*(-0.0107834),
190.546,-0.00619176+1i*(-0.0765431),0.000371472+1i*(0.00255349),-0.000128508+1i*(-6.80331e-05),0.000167485+1i*(0.00253756),0.000527036+1i*(-0.00976776),-0.00147584+1i*(0.000103028),0.000325063+1i*(-0.000565451),0.00144359+1i*(-2.17599e-05),-9.26962e-05+1i*(-0.0107599),
191.867,-0.00623082+1i*(-0.0759245),0.000376631+1i*(0.00252953),-0.000126194+1i*(-5.78415e-05),0.000171705+1i*(0.002533),0.000514432+1i*(-0.00974981),-0.00146909+1i*(0.000105811),0.000322592+1i*(-0.000566211),0.00143689+1i*(-2.58983e-05),-0.000100645+1i*(-0.0107359),
193.197,-0.00626893+1i*(-0.0753119),0.000381616+1i*(0.00250581),-0.000123878+1i*(-4.78675e-05),0.000175914+1i*(0.00252832),0.000501847+1i*(-0.00973144),-0.00146224+1i*(0.000108571),0.000320097+1i*(-0.000566925),0.0014301+1i*(-3.00054e-05),-0.000108604+1i*(-0.0107116),
194.536,-0.00630613+1i*(-0.0747052),0.000386433+1i*(0.00248232),-0.000121559+1i*(-3.8108e-05),0.00018011+1i*(0.00252352),0.000489284+1i*(-0.00971267),-0.0014553+1i*(0.000111306),0.000317576+1i*(-0.000567593),0.00142322+1i*(-3.40806e-05),-0.000116571+1i*(-0.0106868),
195.884,-0.00634244+1i*(-0.0741045),0.000391084+1i*(0.00245907),-0.000119239+1i*(-2.85596e-05),0.000184293+1i*(0.00251861),0.000476743+1i*(-0.00969349),-0.00144827+1i*(0.000114017),0.000315032+1i*(-0.000568216),0.00141626+1i*(-3.81233e-05),-0.000124545+1i*(-0.0106616),
197.242,-0.00637787+1i*(-0.0735095),0.000395574+1i*(0.00243605),-0.000116918+1i*(-1.92192e-05),0.000188463+1i*(0.00251359),0.000464227+1i*(-0.00967392),-0.00144115+1i*(0.000116703),0.000312463+1i*(-0.000568793),0.00140921+1i*(-4.21328e-05),-0.000132525+1i*(-0.010636),
198.609,-0.00641247+1i*(-0.0729202),0.000399905+1i*(0.00241326),-0.000114597+1i*(-1.00837e-05),0.000192619+1i*(0.00250846),0.000451735+1i*(-0.00965395),-0.00143395+1i*(0.000119364),0.000309872+1i*(-0.000569324),0.00140207+1i*(-4.61086e-05),-0.00014051+1i*(-0.0106099),
199.986,-0.00644624+1i*(-0.0723366),0.000404083+1i*(0.0023907),-0.000112276+1i*(-1.14984e-06),0.000196761+1i*(0.00250321),0.00043927+1i*(-0.00963359),-0.00142666+1i*(0.000121999),0.000307257+1i*(-0.000569811),0.00139485+1i*(-5.005e-05),-0.000148499+1i*(-0.0105835),
201.372,-0.00647921+1i*(-0.0717585),0.00040811+1i*(0.00236836),-0.000109956+1i*(7.58538e-06),0.000200888+1i*(0.00249785),0.000426833+1i*(-0.00961284),-0.00141929+1i*(0.000124608),0.00030462+1i*(-0.000570253),0.00138755+1i*(-5.39565e-05),-0.000156489+1i*(-0.0105567),
202.768,-0.0065114+1i*(-0.071186),0.00041199+1i*(0.00234625),-0.000107637+1i*(1.6125e-05),0.000205+1i*(0.00249239),0.000414425+1i*(-0.00959171),-0.00141183+1i*(0.00012719),0.000301962+1i*(-0.000570649),0.00138017+1i*(-5.78276e-05),-0.000164481+1i*(-0.0105295),
204.174,-0.00654283+1i*(-0.0706188),0.000415726+1i*(0.00232435),-0.00010532+1i*(2.44721e-05),0.000209096+1i*(0.00248682),0.000402046+1i*(-0.0095702),-0.0014043+1i*(0.000129745),0.000299282+1i*(-0.000571001),0.00137272+1i*(-6.16626e-05),-0.000172472+1i*(-0.0105019),
205.589,-0.00657353+1i*(-0.0700569),0.000419322+1i*(0.00230267),-0.000103006+1i*(3.26295e-05),0.000213177+1i*(0.00248113),0.000389699+1i*(-0.00954832),-0.00139669+1i*(0.000132273),0.000296582+1i*(-0.000571309),0.00136518+1i*(-6.5461e-05),-0.000180463+1i*(-0.0104739),
207.014,-0.00660351+1i*(-0.0695003),0.000422781+1i*(0.00228121),-0.000100695+1i*(4.06003e-05),0.000217241+1i*(0.00247535),0.000377385+1i*(-0.00952606),-0.001389+1i*(0.000134772),0.000293861+1i*(-0.000571573),0.00135758+1i*(-6.92223e-05),-0.00018845+1i*(-0.0104455),
208.449,-0.00663279+1i*(-0.0689489),0.000426106+1i*(0.00225996),-9.83871e-05+1i*(4.83873e-05),0.000221288+1i*(0.00246946),0.000365104+1i*(-0.00950344),-0.00138124+1i*(0.000137244),0.000291122+1i*(-0.000571792),0.0013499+1i*(-7.29459e-05),-0.000196434+1i*(-0.0104168),
209.894,-0.00666139+1i*(-0.0684026),0.000429301+1i*(0.00223892),-9.60837e-05+1i*(5.59934e-05),0.000225318+1i*(0.00246346),0.000352858+1i*(-0.00948046),-0.00137341+1i*(0.000139687),0.000288363+1i*(-0.000571968),0.00134216+1i*(-7.66314e-05),-0.000204414+1i*(-0.0103877),
211.349,-0.00668933+1i*(-0.0678614),0.000432368+1i*(0.00221808),-9.3785e-05+1i*(6.34213e-05),0.000229331+1i*(0.00245737),0.000340648+1i*(-0.00945712),-0.00136551+1i*(0.000142101),0.000285586+1i*(-0.0005721),0.00133435+1i*(-8.02783e-05),-0.000212387+1i*(-0.0103583),
212.814,-0.00671662+1i*(-0.0673251),0.000435311+1i*(0.00219746),-9.14914e-05+1i*(7.0674e-05),0.000233326+1i*(0.00245117),0.000328476+1i*(-0.00943343),-0.00135754+1i*(0.000144486),0.000282792+1i*(-0.000572189),0.00132647+1i*(-8.38861e-05),-0.000220353+1i*(-0.0103285),
214.289,-0.00674329+1i*(-0.0667938),0.000438133+1i*(0.00217703),-8.92034e-05+1i*(7.77541e-05),0.000237302+1i*(0.00244488),0.000316341+1i*(-0.00940939),-0.00134951+1i*(0.000146842),0.000279981+1i*(-0.000572235),0.00131852+1i*(-8.74543e-05),-0.000228311+1i*(-0.0102983),
215.774,-0.00676934+1i*(-0.0662673),0.000440835+1i*(0.00215681),-8.69214e-05+1i*(8.46643e-05),0.00024126+1i*(0.00243848),0.000304247+1i*(-0.009385),-0.00134141+1i*(0.000149167),0.000277153+1i*(-0.000572238),0.00131052+1i*(-9.09825e-05),-0.000236259+1i*(-0.0102678),
217.27,-0.0067948+1i*(-0.0657456),0.000443423+1i*(0.00213679),-8.4646e-05+1i*(9.14074e-05),0.000245199+1i*(0.00243199),0.000292192+1i*(-0.00936028),-0.00133325+1i*(0.000151462),0.000274309+1i*(-0.000572199),0.00130246+1i*(-9.44702e-05),-0.000244197+1i*(-0.010237),
218.776,-0.00681968+1i*(-0.0652286),0.000445897+1i*(0.00211697),-8.23776e-05+1i*(9.7986e-05),0.000249118+1i*(0.0024254),0.00028018+1i*(-0.00933522),-0.00132503+1i*(0.000153726),0.00027145+1i*(-0.000572118),0.00129433+1i*(-9.79171e-05),-0.000252123+1i*(-0.0102058),
220.293,-0.00684398+1i*(-0.0647163),0.000448261+1i*(0.00209734),-8.01166e-05+1i*(0.000104403),0.000253018+1i*(0.00241872),0.00026821+1i*(-0.00930983),-0.00131676+1i*(0.00015596),0.000268577+1i*(-0.000571995),0.00128615+1i*(-0.000101323),-0.000260037+1i*(-0.0101743),
221.82,-0.00686774+1i*(-0.0642086),0.000450518+1i*(0.0020779),-7.78634e-05+1i*(0.00011066),0.000256898+1i*(0.00241195),0.000256284+1i*(-0.00928412),-0.00130843+1i*(0.000158162),0.000265689+1i*(-0.00057183),0.00127792+1i*(-0.000104687),-0.000267936+1i*(-0.0101425),
223.357,-0.00689096+1i*(-0.0637055),0.000452671+1i*(0.00205866),-7.56183e-05+1i*(0.000116761),0.000260757+1i*(0.00240508),0.000244402+1i*(-0.00925809),-0.00130004+1i*(0.000160334),0.000262789+1i*(-0.000571624),0.00126964+1i*(-0.000108009),-0.000275821+1i*(-0.0101104),
224.905,-0.00691365+1i*(-0.0632068),0.000454721+1i*(0.0020396),-7.33819e-05+1i*(0.000122707),0.000264596+1i*(0.00239813),0.000232567+1i*(-0.00923174),-0.00129161+1i*(0.000162473),0.000259875+1i*(-0.000571377),0.0012613+1i*(-0.000111288),-0.00028369+1i*(-0.010078),
226.464,-0.00693584+1i*(-0.0627126),0.000456671+1i*(0.00202073),-7.11544e-05+1i*(0.000128502),0.000268415+1i*(0.00239108),0.000220779+1i*(-0.00920509),-0.00128312+1i*(0.00016458),0.00025695+1i*(-0.000571089),0.00125292+1i*(-0.000114525),-0.000291541+1i*(-0.0100453),
228.034,-0.00695752+1i*(-0.0622227),0.000458525+1i*(0.00200205),-6.89361e-05+1i*(0.000134148),0.000272212+1i*(0.00238395),0.000209038+1i*(-0.00917812),-0.00127459+1i*(0.000166655),0.000254013+1i*(-0.000570761),0.00124449+1i*(-0.000117719),-0.000299375+1i*(-0.0100122),
229.615,-0.00697872+1i*(-0.0617372),0.000460283+1i*(0.00198355),-6.67276e-05+1i*(0.000139646),0.000275988+1i*(0.00237674),0.000197346+1i*(-0.00915086),-0.00126601+1i*(0.000168698),0.000251065+1i*(-0.000570393),0.00123602+1i*(-0.00012087),-0.000307189+1i*(-0.00997893),
231.206,-0.00699944+1i*(-0.0612559),0.00046195+1i*(0.00196523),-6.4529e-05+1i*(0.000145001),0.000279742+1i*(0.00236943),0.000185704+1i*(-0.0091233),-0.00125739+1i*(0.000170708),0.000248107+1i*(-0.000569985),0.0012275+1i*(-0.000123977),-0.000314984+1i*(-0.00994533),
232.809,-0.0070197+1i*(-0.0607789),0.000463526+1i*(0.00194709),-6.23407e-05+1i*(0.000150213),0.000283474+1i*(0.00236205),0.000174113+1i*(-0.00909545),-0.00124873+1i*(0.000172686),0.000245139+1i*(-0.000569538),0.00121894+1i*(-0.00012704),-0.000322757+1i*(-0.00991146),
234.423,-0.00703951+1i*(-0.060306),0.000465015+1i*(0.00192913),-6.0163e-05+1i*(0.000155285),0.000287184+1i*(0.00235458),0.000162574+1i*(-0.00906732),-0.00124002+1i*(0.00017463),0.000242162+1i*(-0.000569052),0.00121035+1i*(-0.000130059),-0.000330508+1i*(-0.00987731),
236.048,-0.00705887+1i*(-0.0598372),0.000466418+1i*(0.00191135),-5.79962e-05+1i*(0.00016022),0.000290872+1i*(0.00234703),0.000151087+1i*(-0.0090389),-0.00123128+1i*(0.000176541),0.000239177+1i*(-0.000568527),0.00120172+1i*(-0.000133033),-0.000338236+1i*(-0.0098429),
237.684,-0.00707781+1i*(-0.0593725),0.000467739+1i*(0.00189374),-5.58405e-05+1i*(0.00016502),0.000294537+1i*(0.00233941),0.000139653+1i*(-0.00901021),-0.00122251+1i*(0.000178419),0.000236184+1i*(-0.000567964),0.00119305+1i*(-0.000135963),-0.00034594+1i*(-0.00980822),
239.332,-0.00709632+1i*(-0.0589118),0.000468978+1i*(0.0018763),-5.36964e-05+1i*(0.000169687),0.000298179+1i*(0.0023317),0.000128274+1i*(-0.00898125),-0.0012137+1i*(0.000180264),0.000233184+1i*(-0.000567363),0.00118435+1i*(-0.000138848),-0.000353619+1i*(-0.0097733),
240.991,-0.00711443+1i*(-0.0584551),0.000470138+1i*(0.00185903),-5.15639e-05+1i*(0.000174224),0.000301798+1i*(0.00232392),0.00011695+1i*(-0.00895203),-0.00120486+1i*(0.000182074),0.000230177+1i*(-0.000566724),0.00117563+1i*(-0.000141688),-0.000361273+1i*(-0.00973812),
242.661,-0.00713213+1i*(-0.0580023),0.000471222+1i*(0.00184193),-4.94433e-05+1i*(0.000178632),0.000305394+1i*(0.00231606),0.000105683+1i*(-0.00892254),-0.00119599+1i*(0.000183851),0.000227165+1i*(-0.000566049),0.00116687+1i*(-0.000144484),-0.0003689+1i*(-0.0097027),
244.343,-0.00714944+1i*(-0.0575534),0.000472231+1i*(0.001825),-4.7335e-05+1i*(0.000182914),0.000308966+1i*(0.00230814),9.44716e-05+1i*(-0.0088928),-0.00118709+1i*(0.000185594),0.000224146+1i*(-0.000565336),0.00115808+1i*(-0.000147233),-0.000376499+1i*(-0.00966704),
246.037,-0.00716638+1i*(-0.0571082),0.000473166+1i*(0.00180823),-4.52391e-05+1i*(0.000187071),0.000312515+1i*(0.00230013),8.33181e-05+1i*(-0.00886281),-0.00117817+1i*(0.000187303),0.000221124+1i*(-0.000564587),0.00114927+1i*(-0.000149938),-0.000384069+1i*(-0.00963115),
247.742,-0.00718293+1i*(-0.0566669),0.000474032+1i*(0.00179162),-4.31558e-05+1i*(0.000191107),0.00031604+1i*(0.00229206),7.22231e-05+1i*(-0.00883257),-0.00116922+1i*(0.000188978),0.000218096+1i*(-0.000563802),0.00114044+1i*(-0.000152596),-0.000391611+1i*(-0.00959504),
249.459,-0.00719913+1i*(-0.0562293),0.000474828+1i*(0.00177518),-4.10853e-05+1i*(0.000195023),0.000319541+1i*(0.00228392),6.11872e-05+1i*(-0.0088021),-0.00116025+1i*(0.000190619),0.000215066+1i*(-0.000562982),0.00113158+1i*(-0.000155209),-0.000399122+1i*(-0.0095587),
251.189,-0.00721496+1i*(-0.0557954),0.000475557+1i*(0.0017589),-3.90279e-05+1i*(0.000198821),0.000323018+1i*(0.00227571),5.02111e-05+1i*(-0.00877138),-0.00115126+1i*(0.000192225),0.000212032+1i*(-0.000562126),0.00112271+1i*(-0.000157777),-0.000406602+1i*(-0.00952215),
252.93,-0.00723045+1i*(-0.0553651),0.000476221+1i*(0.00174277),-3.69837e-05+1i*(0.000202503),0.000326471+1i*(0.00226744),3.92956e-05+1i*(-0.00874044),-0.00114225+1i*(0.000193797),0.000208996+1i*(-0.000561235),0.00111382+1i*(-0.000160298),-0.000414051+1i*(-0.0094854),
254.683,-0.0072456+1i*(-0.0549384),0.000476821+1i*(0.0017268),-3.49529e-05+1i*(0.000206071),0.000329899+1i*(0.0022591),2.84413e-05+1i*(-0.00870928),-0.00113323+1i*(0.000195335),0.000205957+1i*(-0.00056031),0.00110491+1i*(-0.000162774),-0.000421467+1i*(-0.00944843),
256.448,-0.00726041+1i*(-0.0545153),0.00047736+1i*(0.00171099),-3.29357e-05+1i*(0.000209528),0.000333302+1i*(0.0022507),1.76489e-05+1i*(-0.0086779),-0.00112419+1i*(0.000196838),0.000202918+1i*(-0.000559351),0.00109599+1i*(-0.000165204),-0.000428849+1i*(-0.00941128),
258.226,-0.0072749+1i*(-0.0540957),0.000477838+1i*(0.00169533),-3.09322e-05+1i*(0.000212874),0.000336681+1i*(0.00224223),6.91907e-06+1i*(-0.0086463),-0.00111514+1i*(0.000198308),0.000199877+1i*(-0.000558358),0.00108705+1i*(-0.000167587),-0.000436198+1i*(-0.00937393),
260.016,-0.00728907+1i*(-0.0536796),0.000478259+1i*(0.00167982),-2.89426e-05+1i*(0.000216113),0.000340035+1i*(0.00223371),-3.74757e-06+1i*(-0.00861449),-0.00110608+1i*(0.000199742),0.000196837+1i*(-0.000557332),0.00107811+1i*(-0.000169925),-0.000443512+1i*(-0.00933639),
261.818,-0.00730293+1i*(-0.053267),0.000478623+1i*(0.00166446),-2.6967e-05+1i*(0.000219246),0.000343364+1i*(0.00222513),-1.43504e-05+1i*(-0.00858248),-0.00109701+1i*(0.000201142),0.000193796+1i*(-0.000556273),0.00106915+1i*(-0.000172217),-0.000450791+1i*(-0.00929868),
263.633,-0.00731649+1i*(-0.0528577),0.000478931+1i*(0.00164925),-2.50055e-05+1i*(0.000222275),0.000346668+1i*(0.00221648),-2.48889e-05+1i*(-0.00855027),-0.00108793+1i*(0.000202508),0.000190756+1i*(-0.000555181),0.00106019+1i*(-0.000174463),-0.000458033+1i*(-0.00926079),
265.461,-0.00732975+1i*(-0.0524518),0.000479187+1i*(0.00163418),-2.30584e-05+1i*(0.000225201),0.000349947+1i*(0.00220778),-3.53625e-05+1i*(-0.00851786),-0.00107885+1i*(0.00020384),0.000187718+1i*(-0.000554058),0.00105122+1i*(-0.000176663),-0.000465239+1i*(-0.00922273),
267.301,-0.00734271+1i*(-0.0520492),0.00047939+1i*(0.00161926),-2.11256e-05+1i*(0.000228027),0.0003532+1i*(0.00219903),-4.57706e-05+1i*(-0.00848527),-0.00106976+1i*(0.000205137),0.000184682+1i*(-0.000552903),0.00104225+1i*(-0.000178817),-0.000472407+1i*(-0.00918451),
269.153,-0.00735539+1i*(-0.05165),0.000479544+1i*(0.00160449),-1.92073e-05+1i*(0.000230754),0.000356428+1i*(0.00219022),-5.61127e-05+1i*(-0.00845249),-0.00106067+1i*(0.0002064),0.000181647+1i*(-0.000551717),0.00103328+1i*(-0.000180925),-0.000479537+1i*(-0.00914613),
271.019,-0.00736779+1i*(-0.0512539),0.000479648+1i*(0.00158985),-1.73036e-05+1i*(0.000233385),0.000359631+1i*(0.00218137),-6.63883e-05+1i*(-0.00841953),-0.00105158+1i*(0.000207628),0.000178616+1i*(-0.0005505),0.00102431+1i*(-0.000182987),-0.000486628+1i*(-0.00910759),
272.898,-0.00737992+1i*(-0.0508611),0.000479705+1i*(0.00157536),-1.54147e-05+1i*(0.000235921),0.000362808+1i*(0.00217246),-7.65969e-05+1i*(-0.0083864),-0.00104249+1i*(0.000208823),0.000175588+1i*(-0.000549253),0.00101534+1i*(-0.000185004),-0.00049368+1i*(-0.00906891),
274.789,-0.00739178+1i*(-0.0504715),0.000479716+1i*(0.00156101),-1.35405e-05+1i*(0.000238363),0.00036596+1i*(0.0021635),-8.6738e-05+1i*(-0.0083531),-0.0010334+1i*(0.000209983),0.000172564+1i*(-0.000547976),0.00100637+1i*(-0.000186976),-0.000500693+1i*(-0.00903009),
276.694,-0.00740338+1i*(-0.050085),0.000479682+1i*(0.00154679),-1.16812e-05+1i*(0.000240713),0.000369085+1i*(0.00215449),-9.68113e-05+1i*(-0.00831964),-0.00102432+1i*(0.000211109),0.000169544+1i*(-0.00054667),0.000997401+1i*(-0.000188901),-0.000507665+1i*(-0.00899113),
278.612,-0.00741472+1i*(-0.0497016),0.000479605+1i*(0.00153271),-9.8368e-06+1i*(0.000242974),0.000372186+1i*(0.00214543),-0.000106816+1i*(-0.00828602),-0.00101524+1i*(0.000212202),0.000166529+1i*(-0.000545335),0.000988441+1i*(-0.000190782),-0.000514595+1i*(-0.00895204),
280.543,-0.00742581+1i*(-0.0493213),0.000479486+1i*(0.00151877),-8.00744e-06+1i*(0.000245147),0.00037526+1i*(0.00213633),-0.000116753+1i*(-0.00825224),-0.00100617+1i*(0.00021326),0.000163519+1i*(-0.000543971),0.000979489+1i*(-0.000192617),-0.000521485+1i*(-0.00891283),
282.488,-0.00743666+1i*(-0.048944),0.000479327+1i*(0.00150495),-6.19314e-06+1i*(0.000247233),0.000378309+1i*(0.00212719),-0.00012662+1i*(-0.00821831),-0.000997114+1i*(0.000214285),0.000160515+1i*(-0.000542579),0.000970546+1i*(-0.000194408),-0.000528332+1i*(-0.00887349),
284.446,-0.00744726+1i*(-0.0485697),0.000479128+1i*(0.00149127),-4.39397e-06+1i*(0.000249234),0.000381331+1i*(0.002118),-0.000136417+1i*(-0.00818424),-0.000988064+1i*(0.000215276),0.000157517+1i*(-0.000541159),0.000961612+1i*(-0.000196154),-0.000535137+1i*(-0.00883404),
286.418,-0.00745763+1i*(-0.0481984),0.000478891+1i*(0.00147772),-2.60997e-06+1i*(0.000251151),0.000384328+1i*(0.00210878),-0.000146145+1i*(-0.00815003),-0.000979027+1i*(0.000216234),0.000154526+1i*(-0.000539712),0.000952691+1i*(-0.000197855),-0.000541899+1i*(-0.00879447),
288.403,-0.00746776+1i*(-0.0478301),0.000478618+1i*(0.0014643),-8.41185e-07+1i*(0.000252987),0.000387299+1i*(0.00209951),-0.000155803+1i*(-0.00811569),-0.000970002+1i*(0.000217159),0.000151542+1i*(-0.000538238),0.000943783+1i*(-0.000199511),-0.000548617+1i*(-0.0087548),
290.402,-0.00747767+1i*(-0.0474646),0.000478308+1i*(0.00145101),9.12354e-07+1i*(0.000254743),0.000390244+1i*(0.0020902),-0.00016539+1i*(-0.00808121),-0.000960993+1i*(0.00021805),0.000148565+1i*(-0.000536738),0.000934889+1i*(-0.000201123),-0.000555292+1i*(-0.00871503),
292.415,-0.00748735+1i*(-0.0471021),0.000477964+1i*(0.00143784),2.65061e-06+1i*(0.00025642),0.000393163+1i*(0.00208086),-0.000174907+1i*(-0.00804661),-0.000952+1i*(0.000218909),0.000145596+1i*(-0.000535212),0.000926011+1i*(-0.000202691),-0.000561922+1i*(-0.00867517),
294.442,-0.00749681+1i*(-0.0467424),0.000477587+1i*(0.0014248),4.37356e-06+1i*(0.000258019),0.000396056+1i*(0.00207148),-0.000184352+1i*(-0.00801189),-0.000943024+1i*(0.000219735),0.000142636+1i*(-0.00053366),0.000917151+1i*(-0.000204216),-0.000568508+1i*(-0.00863521),
296.483,-0.00750606+1i*(-0.0463855),0.000477178+1i*(0.00141188),6.08119e-06+1i*(0.000259544),0.000398923+1i*(0.00206206),-0.000193727+1i*(-0.00797705),-0.000934067+1i*(0.000220528),0.000139684+1i*(-0.000532084),0.000908309+1i*(-0.000205697),-0.000575048+1i*(-0.00859517),
298.538,-0.0075151+1i*(-0.0460314),0.000476737+1i*(0.00139908),7.77348e-06+1i*(0.000260993),0.000401764+1i*(0.00205261),-0.00020303+1i*(-0.0079421),-0.000925131+1i*(0.000221288),0.000136741+1i*(-0.000530482),0.000899487+1i*(-0.000207134),-0.000581544+1i*(-0.00855505),
300.608,-0.00752394+1i*(-0.0456801),0.000476266+1i*(0.0013864),9.45041e-06+1i*(0.000262371),0.00040458+1i*(0.00204313),-0.000212261+1i*(-0.00790704),-0.000916216+1i*(0.000222017),0.000133808+1i*(-0.000528856),0.000890686+1i*(-0.000208528),-0.000587993+1i*(-0.00851485),
302.691,-0.00753257+1i*(-0.0453315),0.000475766+1i*(0.00137385),1.1112e-05+1i*(0.000263676),0.000407369+1i*(0.00203362),-0.00022142+1i*(-0.00787188),-0.000907324+1i*(0.000222713),0.000130884+1i*(-0.000527207),0.000881908+1i*(-0.00020988),-0.000594396+1i*(-0.00847457),
304.789,-0.007541+1i*(-0.0449856),0.000475238+1i*(0.00136141),1.27582e-05+1i*(0.000264912),0.000410132+1i*(0.00202407),-0.000230507+1i*(-0.00783662),-0.000898456+1i*(0.000223377),0.000127971+1i*(-0.000525534),0.000873153+1i*(-0.000211189),-0.000600753+1i*(-0.00843424),
306.902,-0.00754923+1i*(-0.0446423),0.000474683+1i*(0.00134908),1.43891e-05+1i*(0.00026608),0.000412869+1i*(0.0020145),-0.000239522+1i*(-0.00780126),-0.000889613+1i*(0.00022401),0.000125068+1i*(-0.000523838),0.000864423+1i*(-0.000212455),-0.000607063+1i*(-0.00839383),
309.03,-0.00755728+1i*(-0.0443017),0.000474102+1i*(0.00133688),1.60046e-05+1i*(0.00026718),0.000415581+1i*(0.0020049),-0.000248465+1i*(-0.00776582),-0.000880797+1i*(0.000224612),0.000122177+1i*(-0.00052212),0.000855719+1i*(-0.00021368),-0.000613326+1i*(-0.00835338),
311.172,-0.00756513+1i*(-0.0439638),0.000473495+1i*(0.00132478),1.76048e-05+1i*(0.000268214),0.000418267+1i*(0.00199528),-0.000257335+1i*(-0.0077303),-0.000872009+1i*(0.000225182),0.000119296+1i*(-0.00052038),0.000847042+1i*(-0.000214863),-0.000619541+1i*(-0.00831286),
313.329,-0.0075728+1i*(-0.0436284),0.000472865+1i*(0.0013128),1.91897e-05+1i*(0.000269184),0.000420926+1i*(0.00198563),-0.000266132+1i*(-0.00769469),-0.000863249+1i*(0.000225721),0.000116427+1i*(-0.000518618),0.000838394+1i*(-0.000216005),-0.000625709+1i*(-0.0082723),
315.5,-0.00758029+1i*(-0.0432956),0.000472211+1i*(0.00130094),2.07592e-05+1i*(0.000270091),0.00042356+1i*(0.00197595),-0.000274857+1i*(-0.007659),-0.000854519+1i*(0.00022623),0.00011357+1i*(-0.000516834),0.000829775+1i*(-0.000217105),-0.000631829+1i*(-0.0082317),
317.687,-0.0075876+1i*(-0.0429653),0.000471534+1i*(0.00128918),2.23135e-05+1i*(0.000270935),0.000426169+1i*(0.00196625),-0.000283508+1i*(-0.00762325),-0.00084582+1i*(0.000226708),0.000110726+1i*(-0.00051503),0.000821186+1i*(-0.000218165),-0.000637901+1i*(-0.00819105),
319.89,-0.00759473+1i*(-0.0426376),0.000470836+1i*(0.00127753),2.38526e-05+1i*(0.000271719),0.000428751+1i*(0.00195653),-0.000292087+1i*(-0.00758742),-0.000837153+1i*(0.000227156),0.000107894+1i*(-0.000513206),0.000812629+1i*(-0.000219184),-0.000643925+1i*(-0.00815037),
322.107,-0.00760169+1i*(-0.0423123),0.000470117+1i*(0.00126599),2.53765e-05+1i*(0.000272444),0.000431308+1i*(0.00194679),-0.000300593+1i*(-0.00755153),-0.000828519+1i*(0.000227574),0.000105074+1i*(-0.000511361),0.000804104+1i*(-0.000220163),-0.0006499+1i*(-0.00810965),
324.34,-0.00760848+1i*(-0.0419895),0.000469378+1i*(0.00125456),2.68851e-05+1i*(0.000273111),0.00043384+1i*(0.00193703),-0.000309026+1i*(-0.00751559),-0.000819919+1i*(0.000227962),0.000102268+1i*(-0.000509498),0.000795612+1i*(-0.000221103),-0.000655827+1i*(-0.00806891),
326.588,-0.0076151+1i*(-0.0416691),0.00046862+1i*(0.00124323),2.83787e-05+1i*(0.00027372),0.000436345+1i*(0.00192726),-0.000317386+1i*(-0.00747958),-0.000811354+1i*(0.000228321),9.94754e-05+1i*(-0.000507614),0.000787155+1i*(-0.000222003),-0.000661705+1i*(-0.00802815),
328.852,-0.00762156+1i*(-0.0413512),0.000467844+1i*(0.00123201),2.98571e-05+1i*(0.000274274),0.000438826+1i*(0.00191746),-0.000325673+1i*(-0.00744353),-0.000802825+1i*(0.000228651),9.66964e-05+1i*(-0.000505713),0.000778733+1i*(-0.000222864),-0.000667533+1i*(-0.00798736),
331.131,-0.00762785+1i*(-0.0410356),0.00046705+1i*(0.00122089),3.13205e-05+1i*(0.000274773),0.000441281+1i*(0.00190765),-0.000333887+1i*(-0.00740742),-0.000794333+1i*(0.000228952),9.39313e-05+1i*(-0.000503793),0.000770348+1i*(-0.000223687),-0.000673313+1i*(-0.00794656),
333.426,-0.00763399+1i*(-0.0407224),0.000466238+1i*(0.00120987),3.27688e-05+1i*(0.000275219),0.00044371+1i*(0.00189782),-0.000342028+1i*(-0.00737127),-0.000785878+1i*(0.000229224),9.11805e-05+1i*(-0.000501855),0.000762+1i*(-0.000224471),-0.000679043+1i*(-0.00790575),
335.738,-0.00763997+1i*(-0.0404115),0.000465411+1i*(0.00119895),3.42023e-05+1i*(0.000275613),0.000446114+1i*(0.00188798),-0.000350096+1i*(-0.00733509),-0.000777463+1i*(0.000229468),8.84441e-05+1i*(-0.000499899),0.000753689+1i*(-0.000225217),-0.000684724+1i*(-0.00786493),
338.065,-0.00764579+1i*(-0.040103),0.000464568+1i*(0.00118814),3.56208e-05+1i*(0.000275955),0.000448494+1i*(0.00187812),-0.000358091+1i*(-0.00729886),-0.000769086+1i*(0.000229684),8.57224e-05+1i*(-0.000497927),0.000745418+1i*(-0.000225926),-0.000690355+1i*(-0.00782411),
340.408,-0.00765146+1i*(-0.0397968),0.00046371+1i*(0.00117742),3.70244e-05+1i*(0.000276247),0.000450847+1i*(0.00186826),-0.000366014+1i*(-0.00726261),-0.00076075+1i*(0.000229872),8.30157e-05+1i*(-0.000495938),0.000737186+1i*(-0.000226597),-0.000695936+1i*(-0.00778328),
342.768,-0.00765699+1i*(-0.0394928),0.000462838+1i*(0.0011668),3.84133e-05+1i*(0.00027649),0.000453176+1i*(0.00185838),-0.000373863+1i*(-0.00722632),-0.000752455+1i*(0.000230033),8.03242e-05+1i*(-0.000493932),0.000728994+1i*(-0.000227232),-0.000701468+1i*(-0.00774246),
345.144,-0.00766236+1i*(-0.039191),0.000461953+1i*(0.00115627),3.97874e-05+1i*(0.000276686),0.00045548+1i*(0.00184849),-0.00038164+1i*(-0.00719001),-0.000744202+1i*(0.000230166),7.76481e-05+1i*(-0.000491911),0.000720844+1i*(-0.00022783),-0.00070695+1i*(-0.00770165),
347.536,-0.00766759+1i*(-0.0388915),0.000461055+1i*(0.00114584),4.11469e-05+1i*(0.000276834),0.000457759+1i*(0.0018386),-0.000389344+1i*(-0.00715368),-0.000735992+1i*(0.000230273),7.49876e-05+1i*(-0.000489874),0.000712735+1i*(-0.000228392),-0.000712382+1i*(-0.00766084),
349.945,-0.00767267+1i*(-0.0385942),0.000460144+1i*(0.00113551),4.24917e-05+1i*(0.000276936),0.000460014+1i*(0.00182869),-0.000396976+1i*(-0.00711733),-0.000727825+1i*(0.000230354),7.23429e-05+1i*(-0.000487822),0.000704669+1i*(-0.000228919),-0.000717765+1i*(-0.00762005),
352.371,-0.00767762+1i*(-0.0382991),0.000459221+1i*(0.00112527),4.38221e-05+1i*(0.000276994),0.000462243+1i*(0.00181878),-0.000404536+1i*(-0.00708096),-0.000719701+1i*(0.000230408),6.97142e-05+1i*(-0.000485755),0.000696646+1i*(-0.00022941),-0.000723097+1i*(-0.00757928),
354.813,-0.00768242+1i*(-0.0380062),0.000458288+1i*(0.00111512),4.51379e-05+1i*(0.000277008),0.000464448+1i*(0.00180886),-0.000412023+1i*(-0.00704459),-0.000711623+1i*(0.000230436),6.71017e-05+1i*(-0.000483674),0.000688667+1i*(-0.000229867),-0.000728379+1i*(-0.00753853),
357.273,-0.00768709+1i*(-0.0377154),0.000457343+1i*(0.00110506),4.64394e-05+1i*(0.000276979),0.000466629+1i*(0.00179893),-0.000419438+1i*(-0.0070082),-0.000703589+1i*(0.000230438),6.45056e-05+1i*(-0.000481579),0.000680733+1i*(-0.000230289),-0.000733611+1i*(-0.0074978),
359.749,-0.00769162+1i*(-0.0374267),0.000456389+1i*(0.0010951),4.77265e-05+1i*(0.000276908),0.000468785+1i*(0.001789),-0.000426781+1i*(-0.00697181),-0.000695602+1i*(0.000230416),6.1926e-05+1i*(-0.000479471),0.000672844+1i*(-0.000230677),-0.000738794+1i*(-0.0074571),
362.243,-0.00769602+1i*(-0.0371401),0.000455425+1i*(0.00108522),4.89994e-05+1i*(0.000276796),0.000470916+1i*(0.00177907),-0.000434053+1i*(-0.00693542),-0.000687661+1i*(0.000230368),5.93631e-05+1i*(-0.000477349),0.000665+1i*(-0.000231032),-0.000743926+1i*(-0.00741643),
364.754,-0.00770028+1i*(-0.0368556),0.000454452+1i*(0.00107543),5.02581e-05+1i*(0.000276644),0.000473024+1i*(0.00176914),-0.000441253+1i*(-0.00689904),-0.000679767+1i*(0.000230296),5.68171e-05+1i*(-0.000475215),0.000657203+1i*(-0.000231353),-0.000749008+1i*(-0.0073758),
367.282,-0.00770442+1i*(-0.0365731),0.000453471+1i*(0.00106573),5.15027e-05+1i*(0.000276453),0.000475107+1i*(0.0017592),-0.000448381+1i*(-0.00686266),-0.00067192+1i*(0.000230199),5.42882e-05+1i*(-0.000473068),0.000649453+1i*(-0.000231642),-0.00075404+1i*(-0.0073352),
369.828,-0.00770842+1i*(-0.0362927),0.000452481+1i*(0.00105611),5.27333e-05+1i*(0.000276223),0.000477167+1i*(0.00174926),-0.000455438+1i*(-0.00682628),-0.000664122+1i*(0.000230078),5.17764e-05+1i*(-0.000470909),0.00064175+1i*(-0.000231898),-0.000759022+1i*(-0.00729464),
372.392,-0.0077123+1i*(-0.0360143),0.000451484+1i*(0.00104658),5.39499e-05+1i*(0.000275957),0.000479202+1i*(0.00173932),-0.000462425+1i*(-0.00678992),-0.000656373+1i*(0.000229934),4.92819e-05+1i*(-0.000468738),0.000634095+1i*(-0.000232122),-0.000763955+1i*(-0.00725413),
374.973,-0.00771605+1i*(-0.0357379),0.00045048+1i*(0.00103713),5.51527e-05+1i*(0.000275653),0.000481214+1i*(0.00172938),-0.00046934+1i*(-0.00675357),-0.000648672+1i*(0.000229766),4.68049e-05+1i*(-0.000466556),0.000626488+1i*(-0.000232315),-0.000768837+1i*(-0.00721366),
377.572,-0.00771968+1i*(-0.0354635),0.000449469+1i*(0.00102777),5.63417e-05+1i*(0.000275315),0.000483202+1i*(0.00171945),-0.000476185+1i*(-0.00671724),-0.000641021+1i*(0.000229576),4.43454e-05+1i*(-0.000464362),0.00061893+1i*(-0.000232477),-0.00077367+1i*(-0.00717324),
380.189,-0.00772318+1i*(-0.0351911),0.000448452+1i*(0.00101849),5.7517e-05+1i*(0.000274941),0.000485167+1i*(0.00170951),-0.00048296+1i*(-0.00668094),-0.00063342+1i*(0.000229362),4.19036e-05+1i*(-0.000462158),0.000611421+1i*(-0.000232608),-0.000778452+1i*(-0.00713287),
382.825,-0.00772657+1i*(-0.0349206),0.000447429+1i*(0.00100929),5.86787e-05+1i*(0.000274533),0.000487108+1i*(0.00169958),-0.000489664+1i*(-0.00664465),-0.000625869+1i*(0.000229126),3.94796e-05+1i*(-0.000459944),0.000603962+1i*(-0.000232709),-0.000783186+1i*(-0.00709255),
385.478,-0.00772983+1i*(-0.034652),0.000446401+1i*(0.00100017),5.98269e-05+1i*(0.000274093),0.000489026+1i*(0.00168965),-0.000496299+1i*(-0.00660839),-0.000618369+1i*(0.000228868),3.70735e-05+1i*(-0.00045772),0.000596553+1i*(-0.00023278),-0.000787869+1i*(-0.00705229),
388.15,-0.00773297+1i*(-0.0343853),0.000445367+1i*(0.000991128),6.09617e-05+1i*(0.00027362),0.00049092+1i*(0.00167973),-0.000502864+1i*(-0.00657216),-0.000610921+1i*(0.000228589),3.46855e-05+1i*(-0.000455486),0.000589194+1i*(-0.000232822),-0.000792503+1i*(-0.0070121),
390.841,-0.007736+1i*(-0.0341206),0.000444329+1i*(0.000982166),6.20831e-05+1i*(0.000273115),0.000492792+1i*(0.00166981),-0.000509359+1i*(-0.00653596),-0.000603523+1i*(0.000228288),3.23155e-05+1i*(-0.000453242),0.000581886+1i*(-0.000232835),-0.000797087+1i*(-0.00697196),
393.55,-0.00773891+1i*(-0.0338577),0.000443287+1i*(0.000973282),6.31912e-05+1i*(0.00027258),0.00049464+1i*(0.0016599),-0.000515786+1i*(-0.0064998),-0.000596178+1i*(0.000227966),2.99637e-05+1i*(-0.00045099),0.000574629+1i*(-0.000232819),-0.000801622+1i*(-0.00693189),
396.278,-0.0077417+1i*(-0.0335966),0.00044224+1i*(0.000964475),6.42862e-05+1i*(0.000272014),0.000496466+1i*(0.00164999),-0.000522144+1i*(-0.00646367),-0.000588885+1i*(0.000227623),2.76301e-05+1i*(-0.000448729),0.000567423+1i*(-0.000232775),-0.000806108+1i*(-0.00689188),
399.025,-0.00774438+1i*(-0.0333374),0.00044119+1i*(0.000955744),6.53681e-05+1i*(0.000271419),0.000498268+1i*(0.00164009),-0.000528433+1i*(-0.00642759),-0.000581644+1i*(0.000227259),2.53149e-05+1i*(-0.00044646),0.000560269+1i*(-0.000232703),-0.000810545+1i*(-0.00685195),
401.791,-0.00774695+1i*(-0.03308),0.000440137+1i*(0.000947088),6.6437e-05+1i*(0.000270796),0.000500049+1i*(0.0016302),-0.000534654+1i*(-0.00639154),-0.000574456+1i*(0.000226876),2.30182e-05+1i*(-0.000444182),0.000553167+1i*(-0.000232604),-0.000814933+1i*(-0.00681209),
404.576,-0.0077494+1i*(-0.0328244),0.00043908+1i*(0.000938507),6.7493e-05+1i*(0.000270145),0.000501806+1i*(0.00162032),-0.000540807+1i*(-0.00635554),-0.000567321+1i*(0.000226473),2.07398e-05+1i*(-0.000441897),0.000546116+1i*(-0.000232478),-0.000819271+1i*(-0.0067723),
407.38,-0.00775175+1i*(-0.0325706),0.000438021+1i*(0.000929998),6.85363e-05+1i*(0.000269466),0.000503542+1i*(0.00161044),-0.000546892+1i*(-0.00631959),-0.000560239+1i*(0.00022605),1.84801e-05+1i*(-0.000439605),0.000539119+1i*(-0.000232326),-0.000823562+1i*(-0.00673259),
410.204,-0.00775398+1i*(-0.0323186),0.00043696+1i*(0.000921562),6.95667e-05+1i*(0.000268761),0.000505255+1i*(0.00160058),-0.00055291+1i*(-0.00628369),-0.00055321+1i*(0.000225608),1.62389e-05+1i*(-0.000437305),0.000532174+1i*(-0.000232148),-0.000827803+1i*(-0.00669295),
413.048,-0.0077561+1i*(-0.0320683),0.000435896+1i*(0.000913198),7.05846e-05+1i*(0.000268031),0.000506946+1i*(0.00159073),-0.000558861+1i*(-0.00624783),-0.000546235+1i*(0.000225148),1.40163e-05+1i*(-0.000434998),0.000525281+1i*(-0.000231944),-0.000831996+1i*(-0.0066534),
415.911,-0.00775812+1i*(-0.0318198),0.000434831+1i*(0.000904904),7.159e-05+1i*(0.000267275),0.000508615+1i*(0.00158089),-0.000564745+1i*(-0.00621204),-0.000539314+1i*(0.000224669),1.18124e-05+1i*(-0.000432685),0.000518442+1i*(-0.000231715),-0.00083614+1i*(-0.00661393),
418.794,-0.00776003+1i*(-0.0315729),0.000433764+1i*(0.000896681),7.25829e-05+1i*(0.000266494),0.000510262+1i*(0.00157106),-0.000570562+1i*(-0.0061763),-0.000532446+1i*(0.000224171),9.62726e-06+1i*(-0.000430366),0.000511656+1i*(-0.000231461),-0.000840237+1i*(-0.00657455),
421.697,-0.00776183+1i*(-0.0313278),0.000432695+1i*(0.000888526),7.35635e-05+1i*(0.00026569),0.000511887+1i*(0.00156124),-0.000576314+1i*(-0.00614062),-0.000525633+1i*(0.000223656),7.46084e-06+1i*(-0.000428041),0.000504923+1i*(-0.000231182),-0.000844285+1i*(-0.00653525),
424.62,-0.00776353+1i*(-0.0310844),0.000431626+1i*(0.000880441),7.45318e-05+1i*(0.000264862),0.000513491+1i*(0.00155143),-0.000582+1i*(-0.00610499),-0.000518874+1i*(0.000223123),5.3132e-06+1i*(-0.00042571),0.000498244+1i*(-0.00023088),-0.000848285+1i*(-0.00649605),
427.563,-0.00776512+1i*(-0.0308426),0.000430556+1i*(0.000872422),7.5488e-05+1i*(0.000264012),0.000515073+1i*(0.00154164),-0.00058762+1i*(-0.00606944),-0.000512169+1i*(0.000222574),3.18436e-06+1i*(-0.000423374),0.000491618+1i*(-0.000230554),-0.000852238+1i*(-0.00645693),
430.527,-0.0077666+1i*(-0.0306026),0.000429485+1i*(0.000864471),7.64321e-05+1i*(0.00026314),0.000516634+1i*(0.00153187),-0.000593175+1i*(-0.00603394),-0.000505519+1i*(0.000222007),1.07434e-06+1i*(-0.000421033),0.000485045+1i*(-0.000230205),-0.000856143+1i*(-0.00641791),
433.511,-0.00776799+1i*(-0.0303641),0.000428414+1i*(0.000856586),7.73642e-05+1i*(0.000262247),0.000518173+1i*(0.0015221),-0.000598665+1i*(-0.00599852),-0.000498923+1i*(0.000221423),-1.01684e-06+1i*(-0.000418686),0.000478527+1i*(-0.000229833),-0.000860001+1i*(-0.00637898),
436.516,-0.00776927+1i*(-0.0301273),0.000427342+1i*(0.000848766),7.82845e-05+1i*(0.000261332),0.000519692+1i*(0.00151235),-0.000604091+1i*(-0.00596316),-0.000492382+1i*(0.000220824),-3.08918e-06+1i*(-0.000416336),0.000472062+1i*(-0.000229439),-0.000863811+1i*(-0.00634015),
439.542,-0.00777044+1i*(-0.0298921),0.000426271+1i*(0.00084101),7.9193e-05+1i*(0.000260397),0.000521189+1i*(0.00150262),-0.000609453+1i*(-0.00592787),-0.000485896+1i*(0.000220208),-5.14266e-06+1i*(-0.00041398),0.000465651+1i*(-0.000229023),-0.000867575+1i*(-0.00630141),
442.588,-0.00777152+1i*(-0.0296585),0.0004252+1i*(0.000833318),8.00898e-05+1i*(0.000259443),0.000522665+1i*(0.0014929),-0.000614751+1i*(-0.00589266),-0.000479464+1i*(0.000219576),-7.17729e-06+1i*(-0.000411621),0.000459294+1i*(-0.000228586),-0.000871292+1i*(-0.00626278),
445.656,-0.00777249+1i*(-0.0294264),0.000424129+1i*(0.00082569),8.09751e-05+1i*(0.000258469),0.000524121+1i*(0.0014832),-0.000619986+1i*(-0.00585752),-0.000473086+1i*(0.00021893),-9.19307e-06+1i*(-0.000409258),0.000452991+1i*(-0.000228127),-0.000874961+1i*(-0.00622425),
448.745,-0.00777337+1i*(-0.029196),0.000423059+1i*(0.000818123),8.18488e-05+1i*(0.000257477),0.000525556+1i*(0.00147352),-0.000625158+1i*(-0.00582246),-0.000466764+1i*(0.000218268),-1.119e-05+1i*(-0.000406892),0.000446742+1i*(-0.000227647),-0.000878585+1i*(-0.00618582),
451.856,-0.00777414+1i*(-0.0289671),0.000421989+1i*(0.000810619),8.27111e-05+1i*(0.000256466),0.000526971+1i*(0.00146386),-0.000630266+1i*(-0.00578747),-0.000460496+1i*(0.000217591),-1.31681e-05+1i*(-0.000404522),0.000440547+1i*(-0.000227147),-0.000882162+1i*(-0.00614749),
454.988,-0.00777482+1i*(-0.0287397),0.000420921+1i*(0.000803175),8.35622e-05+1i*(0.000255438),0.000528365+1i*(0.00145421),-0.000635313+1i*(-0.00575257),-0.000454283+1i*(0.0002169),-1.51274e-05+1i*(-0.000402149),0.000434405+1i*(-0.000226627),-0.000885693+1i*(-0.00610927),
458.142,-0.00777539+1i*(-0.0285139),0.000419853+1i*(0.000795791),8.4402e-05+1i*(0.000254393),0.000529739+1i*(0.00144458),-0.000640297+1i*(-0.00571774),-0.000448124+1i*(0.000216195),-1.70678e-05+1i*(-0.000399774),0.000428318+1i*(-0.000226088),-0.000889178+1i*(-0.00607116),
461.318,-0.00777587+1i*(-0.0282896),0.000418787+1i*(0.000788467),8.52307e-05+1i*(0.000253331),0.000531093+1i*(0.00143497),-0.00064522+1i*(-0.005683),-0.000442021+1i*(0.000215476),-1.89895e-05+1i*(-0.000397395),0.000422284+1i*(-0.000225529),-0.000892618+1i*(-0.00603316),
464.515,-0.00777625+1i*(-0.0280668),0.000417722+1i*(0.000781202),8.60483e-05+1i*(0.000252253),0.000532426+1i*(0.00142537),-0.000650082+1i*(-0.00564835),-0.000435971+1i*(0.000214743),-2.08924e-05+1i*(-0.000395015),0.000416304+1i*(-0.000224951),-0.000896012+1i*(-0.00599527),
467.735,-0.00777653+1i*(-0.0278455),0.000416658+1i*(0.000773995),8.6855e-05+1i*(0.00025116),0.00053374+1i*(0.0014158),-0.000654883+1i*(-0.00561378),-0.000429977+1i*(0.000213997),-2.27766e-05+1i*(-0.000392632),0.000410378+1i*(-0.000224355),-0.00089936+1i*(-0.00595749),
470.977,-0.00777671+1i*(-0.0276256),0.000415596+1i*(0.000766845),8.76509e-05+1i*(0.000250051),0.000535034+1i*(0.00140625),-0.000659623+1i*(-0.0055793),-0.000424036+1i*(0.000213238),-2.46421e-05+1i*(-0.000390248),0.000404506+1i*(-0.000223741),-0.000902664+1i*(-0.00591982),
474.242,-0.0077768+1i*(-0.0274072),0.000414536+1i*(0.000759752),8.8436e-05+1i*(0.000248927),0.000536309+1i*(0.00139672),-0.000664303+1i*(-0.0055449),-0.00041815+1i*(0.000212466),-2.64889e-05+1i*(-0.000387861),0.000398687+1i*(-0.000223108),-0.000905922+1i*(-0.00588227),
477.529,-0.00777678+1i*(-0.0271903),0.000413477+1i*(0.000752715),8.92105e-05+1i*(0.000247789),0.000537563+1i*(0.00138721),-0.000668923+1i*(-0.0055106),-0.000412318+1i*(0.000211682),-2.83171e-05+1i*(-0.000385474),0.000392922+1i*(-0.000222459),-0.000909136+1i*(-0.00584483),
480.839,-0.00777668+1i*(-0.0269748),0.00041242+1i*(0.000745734),8.99744e-05+1i*(0.000246638),0.000538799+1i*(0.00137771),-0.000673483+1i*(-0.00547639),-0.000406541+1i*(0.000210885),-3.01267e-05+1i*(-0.000383084),0.00038721+1i*(-0.000221792),-0.000912305+1i*(-0.00580751),
484.172,-0.00777647+1i*(-0.0267607),0.000411366+1i*(0.000738807),9.07278e-05+1i*(0.000245473),0.000540015+1i*(0.00136824),-0.000677985+1i*(-0.00544227),-0.000400817+1i*(0.000210077),-3.19177e-05+1i*(-0.000380694),0.000381552+1i*(-0.000221109),-0.00091543+1i*(-0.0057703),
487.528,-0.00777617+1i*(-0.026548),0.000410313+1i*(0.000731935),9.14708e-05+1i*(0.000244294),0.000541212+1i*(0.0013588),-0.000682428+1i*(-0.00540825),-0.000395147+1i*(0.000209257),-3.36902e-05+1i*(-0.000378303),0.000375946+1i*(-0.00022041),-0.000918511+1i*(-0.00573322),
490.908,-0.00777577+1i*(-0.0263367),0.000409263+1i*(0.000725116),9.22035e-05+1i*(0.000243103),0.00054239+1i*(0.00134937),-0.000686812+1i*(-0.00537432),-0.000389531+1i*(0.000208425),-3.54443e-05+1i*(-0.000375912),0.000370394+1i*(-0.000219694),-0.000921548+1i*(-0.00569625),
494.311,-0.00777528+1i*(-0.0261268),0.000408215+1i*(0.000718351),9.2926e-05+1i*(0.0002419),0.000543548+1i*(0.00133997),-0.000691138+1i*(-0.00534049),-0.000383969+1i*(0.000207583),-3.718e-05+1i*(-0.00037352),0.000364894+1i*(-0.000218963),-0.000924541+1i*(-0.00565941),
497.737,-0.00777469+1i*(-0.0259183),0.000407169+1i*(0.000711637),9.36383e-05+1i*(0.000240686),0.000544688+1i*(0.00133059),-0.000695407+1i*(-0.00530676),-0.00037846+1i*(0.00020673),-3.88972e-05+1i*(-0.000371127),0.000359448+1i*(-0.000218216),-0.000927491+1i*(-0.00562269),
501.187,-0.00777401+1i*(-0.0257111),0.000406125+1i*(0.000704976),9.43407e-05+1i*(0.000239459),0.00054581+1i*(0.00132123),-0.000699619+1i*(-0.00527313),-0.000373005+1i*(0.000205866),-4.05962e-05+1i*(-0.000368735),0.000354053+1i*(-0.000217455),-0.000930397+1i*(-0.00558609),
504.661,-0.00777323+1i*(-0.0255053),0.000405084+1i*(0.000698365),9.5033e-05+1i*(0.000238222),0.000546912+1i*(0.00131189),-0.000703773+1i*(-0.0052396),-0.000367602+1i*(0.000204992),-4.2277e-05+1i*(-0.000366342),0.000348712+1i*(-0.000216679),-0.000933261+1i*(-0.00554961),
508.159,-0.00777235+1i*(-0.0253008),0.000404046+1i*(0.000691805),9.57156e-05+1i*(0.000236974),0.000547996+1i*(0.00130258),-0.000707871+1i*(-0.00520617),-0.000362253+1i*(0.000204107),-4.39396e-05+1i*(-0.00036395),0.000343422+1i*(-0.000215888),-0.000936081+1i*(-0.00551326),
511.682,-0.00777138+1i*(-0.0250977),0.00040301+1i*(0.000685295),9.63883e-05+1i*(0.000235716),0.000549062+1i*(0.00129329),-0.000711913+1i*(-0.00517284),-0.000356956+1i*(0.000203213),-4.5584e-05+1i*(-0.000361559),0.000338185+1i*(-0.000215084),-0.000938859+1i*(-0.00547703),
515.229,-0.00777031+1i*(-0.0248958),0.000401977+1i*(0.000678835),9.70513e-05+1i*(0.000234447),0.00055011+1i*(0.00128403),-0.000715899+1i*(-0.00513962),-0.000351711+1i*(0.00020231),-4.72104e-05+1i*(-0.000359168),0.000332999+1i*(-0.000214266),-0.000941595+1i*(-0.00544093),
518.8,-0.00776915+1i*(-0.0246953),0.000400946+1i*(0.000672423),9.77048e-05+1i*(0.000233169),0.000551139+1i*(0.00127479),-0.000719829+1i*(-0.0051065),-0.00034652+1i*(0.000201397),-4.88187e-05+1i*(-0.000356777),0.000327865+1i*(-0.000213435),-0.000944288+1i*(-0.00540496),
522.396,-0.00776789+1i*(-0.024496),0.000399918+1i*(0.000666059),9.83487e-05+1i*(0.000231882),0.00055215+1i*(0.00126557),-0.000723705+1i*(-0.00507348),-0.00034138+1i*(0.000200475),-5.04092e-05+1i*(-0.000354388),0.000322783+1i*(-0.00021259),-0.000946939+1i*(-0.00536911),
526.017,-0.00776654+1i*(-0.024298),0.000398893+1i*(0.000659743),9.89831e-05+1i*(0.000230586),0.000553143+1i*(0.00125638),-0.000727525+1i*(-0.00504057),-0.000336292+1i*(0.000199544),-5.19818e-05+1i*(-0.000352),0.000317751+1i*(-0.000211733),-0.000949548+1i*(-0.00533339),
529.663,-0.00776509+1i*(-0.0241013),0.00039787+1i*(0.000653475),9.96082e-05+1i*(0.000229281),0.000554119+1i*(0.00124722),-0.000731291+1i*(-0.00500777),-0.000331256+1i*(0.000198605),-5.35366e-05+1i*(-0.000349613),0.000312771+1i*(-0.000210864),-0.000952116+1i*(-0.0052978),
533.335,-0.00776355+1i*(-0.0239059),0.00039685+1i*(0.000647252),0.000100224+1i*(0.000227968),0.000555076+1i*(0.00123808),-0.000735004+1i*(-0.00497508),-0.000326271+1i*(0.000197657),-5.50737e-05+1i*(-0.000347228),0.000307842+1i*(-0.000209982),-0.000954642+1i*(-0.00526234),
537.032,-0.00776191+1i*(-0.0237117),0.000395833+1i*(0.000641076),0.000100831+1i*(0.000226646),0.000556016+1i*(0.00122896),-0.000738662+1i*(-0.0049425),-0.000321338+1i*(0.000196701),-5.65931e-05+1i*(-0.000344844),0.000302963+1i*(-0.000209089),-0.000957127+1i*(-0.00522701),
540.754,-0.00776017+1i*(-0.0235187),0.000394819+1i*(0.000634946),0.000101428+1i*(0.000225317),0.000556938+1i*(0.00121987),-0.000742267+1i*(-0.00491002),-0.000316455+1i*(0.000195737),-5.8095e-05+1i*(-0.000342461),0.000298134+1i*(-0.000208184),-0.000959571+1i*(-0.00519181),
544.503,-0.00775834+1i*(-0.0233269),0.000393808+1i*(0.00062886),0.000102017+1i*(0.000223981),0.000557843+1i*(0.0012108),-0.000745819+1i*(-0.00487766),-0.000311624+1i*(0.000194766),-5.95794e-05+1i*(-0.000340081),0.000293356+1i*(-0.000207267),-0.000961974+1i*(-0.00515674),
548.277,-0.00775641+1i*(-0.0231364),0.000392799+1i*(0.000622819),0.000102596+1i*(0.000222637),0.000558731+1i*(0.00120177),-0.000749319+1i*(-0.0048454),-0.000306843+1i*(0.000193787),-6.10463e-05+1i*(-0.000337703),0.000288628+1i*(-0.00020634),-0.000964337+1i*(-0.00512181),
552.077,-0.00775439+1i*(-0.0229471),0.000391794+1i*(0.000616822),0.000103167+1i*(0.000221287),0.000559601+1i*(0.00119275),-0.000752766+1i*(-0.00481326),-0.000302112+1i*(0.000192801),-6.24959e-05+1i*(-0.000335327),0.000283949+1i*(-0.000205403),-0.000966659+1i*(-0.005087),
555.904,-0.00775227+1i*(-0.0227589),0.000390791+1i*(0.000610869),0.000103729+1i*(0.00021993),0.000560454+1i*(0.00118376),-0.000756161+1i*(-0.00478123),-0.000297431+1i*(0.000191807),-6.39283e-05+1i*(-0.000332953),0.000279319+1i*(-0.000204455),-0.000968941+1i*(-0.00505233),
559.758,-0.00775005+1i*(-0.0225719),0.000389791+1i*(0.000604958),0.000104282+1i*(0.000218567),0.00056129+1i*(0.0011748),-0.000759504+1i*(-0.00474932),-0.0002928+1i*(0.000190807),-6.53435e-05+1i*(-0.000330581),0.000274739+1i*(-0.000203497),-0.000971182+1i*(-0.00501779),
563.638,-0.00774773+1i*(-0.0223861),0.000388794+1i*(0.00059909),0.000104826+1i*(0.000217197),0.000562109+1i*(0.00116587),-0.000762796+1i*(-0.00471752),-0.000288218+1i*(0.000189801),-6.67416e-05+1i*(-0.000328212),0.000270207+1i*(-0.000202529),-0.000973384+1i*(-0.00498338),
567.545,-0.00774532+1i*(-0.0222015),0.000387799+1i*(0.000593264),0.000105362+1i*(0.000215822),0.000562911+1i*(0.00115696),-0.000766038+1i*(-0.00468583),-0.000283685+1i*(0.000188788),-6.81227e-05+1i*(-0.000325846),0.000265724+1i*(-0.000201551),-0.000975547+1i*(-0.00494911),
571.479,-0.00774281+1i*(-0.022018),0.000386808+1i*(0.00058748),0.000105889+1i*(0.000214441),0.000563696+1i*(0.00114808),-0.000769228+1i*(-0.00465425),-0.000279202+1i*(0.000187769),-6.94869e-05+1i*(-0.000323482),0.000261289+1i*(-0.000200564),-0.000977669+1i*(-0.00491497),
575.44,-0.0077402+1i*(-0.0218357),0.000385819+1i*(0.000581736),0.000106408+1i*(0.000213055),0.000564464+1i*(0.00113923),-0.000772369+1i*(-0.0046228),-0.000274767+1i*(0.000186744),-7.08342e-05+1i*(-0.000321122),0.000256902+1i*(-0.000199568),-0.000979753+1i*(-0.00488097),
579.429,-0.0077375+1i*(-0.0216544),0.000384833+1i*(0.000576033),0.000106919+1i*(0.000211664),0.000565216+1i*(0.0011304),-0.000775459+1i*(-0.00459145),-0.00027038+1i*(0.000185713),-7.21647e-05+1i*(-0.000318764),0.000252563+1i*(-0.000198564),-0.000981797+1i*(-0.0048471),
583.445,-0.00773469+1i*(-0.0214743),0.000383849+1i*(0.000570371),0.000107421+1i*(0.000210268),0.000565951+1i*(0.0011216),-0.0007785+1i*(-0.00456023),-0.000266041+1i*(0.000184676),-7.34786e-05+1i*(-0.000316409),0.000248271+1i*(-0.000197551),-0.000983803+1i*(-0.00481337),
587.489,-0.00773179+1i*(-0.0212954),0.000382869+1i*(0.000564748),0.000107915+1i*(0.000208868),0.00056667+1i*(0.00111282),-0.000781491+1i*(-0.00452912),-0.00026175+1i*(0.000183635),-7.47759e-05+1i*(-0.000314058),0.000244027+1i*(-0.000196529),-0.000985769+1i*(-0.00477977),
591.562,-0.00772878+1i*(-0.0211175),0.000381891+1i*(0.000559164),0.000108401+1i*(0.000207463),0.000567373+1i*(0.00110408),-0.000784433+1i*(-0.00449812),-0.000257507+1i*(0.000182587),-7.60568e-05+1i*(-0.00031171),0.000239829+1i*(-0.0001955),-0.000987697+1i*(-0.00474631),
595.662,-0.00772568+1i*(-0.0209407),0.000380915+1i*(0.000553618),0.000108879+1i*(0.000206054),0.000568059+1i*(0.00109536),-0.000787327+1i*(-0.00446725),-0.00025331+1i*(0.000181535),-7.73212e-05+1i*(-0.000309366),0.000235678+1i*(-0.000194463),-0.000989587+1i*(-0.00471298),
599.791,-0.00772247+1i*(-0.020765),0.000379942+1i*(0.000548112),0.000109349+1i*(0.000204641),0.000568728+1i*(0.00108667),-0.000790172+1i*(-0.00443649),-0.000249161+1i*(0.000180478),-7.85692e-05+1i*(-0.000307025),0.000231573+1i*(-0.000193418),-0.000991439+1i*(-0.00467979),
603.949,-0.00771917+1i*(-0.0205903),0.000378972+1i*(0.000542643),0.000109811+1i*(0.000203224),0.000569382+1i*(0.001078),-0.000792969+1i*(-0.00440585),-0.000245058+1i*(0.000179417),-7.98011e-05+1i*(-0.000304687),0.000227514+1i*(-0.000192366),-0.000993252+1i*(-0.00464673),
608.135,-0.00771576+1i*(-0.0204167),0.000378004+1i*(0.000537211),0.000110265+1i*(0.000201803),0.000570019+1i*(0.00106937),-0.000795719+1i*(-0.00437533),-0.000241001+1i*(0.000178351),-8.10168e-05+1i*(-0.000302354),0.000223501+1i*(-0.000191307),-0.000995027+1i*(-0.00461381),
612.35,-0.00771225+1i*(-0.0202442),0.000377039+1i*(0.000531817),0.000110711+1i*(0.00020038),0.000570641+1i*(0.00106076),-0.00079842+1i*(-0.00434493),-0.00023699+1i*(0.000177281),-8.22165e-05+1i*(-0.000300024),0.000219533+1i*(-0.000190241),-0.000996765+1i*(-0.00458103),
616.595,-0.00770864+1i*(-0.0200727),0.000376076+1i*(0.000526459),0.00011115+1i*(0.000198953),0.000571246+1i*(0.00105218),-0.000801075+1i*(-0.00431464),-0.000233025+1i*(0.000176206),-8.34002e-05+1i*(-0.000297698),0.00021561+1i*(-0.000189168),-0.000998465+1i*(-0.00454838),
620.869,-0.00770493+1i*(-0.0199023),0.000375116+1i*(0.000521137),0.00011158+1i*(0.000197523),0.000571836+1i*(0.00104362),-0.000803683+1i*(-0.00428448),-0.000229105+1i*(0.000175128),-8.4568e-05+1i*(-0.000295376),0.000211732+1i*(-0.000188089),-0.00100013+1i*(-0.00451587),
625.173,-0.00770111+1i*(-0.0197329),0.000374157+1i*(0.000515851),0.000112004+1i*(0.00019609),0.000572409+1i*(0.00103509),-0.000806244+1i*(-0.00425443),-0.000225231+1i*(0.000174045),-8.57201e-05+1i*(-0.000293058),0.000207898+1i*(-0.000187004),-0.00100175+1i*(-0.00448349),
629.506,-0.00769719+1i*(-0.0195645),0.000373201+1i*(0.000510601),0.000112419+1i*(0.000194655),0.000572967+1i*(0.0010266),-0.000808759+1i*(-0.0042245),-0.0002214+1i*(0.00017296),-8.68564e-05+1i*(-0.000290744),0.000204109+1i*(-0.000185913),-0.00100334+1i*(-0.00445125),
633.87,-0.00769316+1i*(-0.0193971),0.000372248+1i*(0.000505385),0.000112827+1i*(0.000193217),0.000573509+1i*(0.00101812),-0.000811228+1i*(-0.0041947),-0.000217614+1i*(0.00017187),-8.79772e-05+1i*(-0.000288435),0.000200363+1i*(-0.000184816),-0.00100489+1i*(-0.00441915),
638.263,-0.00768903+1i*(-0.0192307),0.000371296+1i*(0.000500205),0.000113228+1i*(0.000191777),0.000574036+1i*(0.00100968),-0.000813651+1i*(-0.00416501),-0.000213873+1i*(0.000170778),-8.90824e-05+1i*(-0.00028613),0.000196661+1i*(-0.000183714),-0.00100641+1i*(-0.00438718),
642.688,-0.00768479+1i*(-0.0190653),0.000370347+1i*(0.000495058),0.000113621+1i*(0.000190335),0.000574547+1i*(0.00100127),-0.000816028+1i*(-0.00413545),-0.000210175+1i*(0.000169682),-9.01722e-05+1i*(-0.000283829),0.000193002+1i*(-0.000182606),-0.00100789+1i*(-0.00435535),
647.143,-0.00768045+1i*(-0.0189009),0.000369399+1i*(0.000489945),0.000114007+1i*(0.00018889),0.000575042+1i*(0.000992878),-0.00081836+1i*(-0.004106),-0.00020652+1i*(0.000168583),-9.12467e-05+1i*(-0.000281532),0.000189386+1i*(-0.000181493),-0.00100933+1i*(-0.00432366),
651.628,-0.007676+1i*(-0.0187375),0.000368454+1i*(0.000484866),0.000114386+1i*(0.000187444),0.000575522+1i*(0.000984517),-0.000820648+1i*(-0.00407667),-0.000202908+1i*(0.000167482),-9.23059e-05+1i*(-0.000279241),0.000185812+1i*(-0.000180375),-0.00101073+1i*(-0.0042921),
656.145,-0.00767144+1i*(-0.018575),0.00036751+1i*(0.00047982),0.000114757+1i*(0.000185997),0.000575987+1i*(0.000976185),-0.00082289+1i*(-0.00404747),-0.00019934+1i*(0.000166377),-9.335e-05+1i*(-0.000276953),0.000182281+1i*(-0.000179252),-0.0010121+1i*(-0.00426068),
660.693,-0.00766677+1i*(-0.0184135),0.000366568+1i*(0.000474806),0.000115122+1i*(0.000184548),0.000576436+1i*(0.000967881),-0.000825088+1i*(-0.00401838),-0.000195813+1i*(0.00016527),-9.4379e-05+1i*(-0.000274671),0.000178791+1i*(-0.000178125),-0.00101343+1i*(-0.00422939),
665.273,-0.00766199+1i*(-0.018253),0.000365628+1i*(0.000469825),0.000115479+1i*(0.000183097),0.000576869+1i*(0.000959604),-0.000827242+1i*(-0.00398942),-0.000192329+1i*(0.000164161),-9.53931e-05+1i*(-0.000272393),0.000175344+1i*(-0.000176993),-0.00101473+1i*(-0.00419824),
669.885,-0.0076571+1i*(-0.0180933),0.000364689+1i*(0.000464876),0.000115829+1i*(0.000181645),0.000577288+1i*(0.000951355),-0.000829352+1i*(-0.00396057),-0.000188886+1i*(0.00016305),-9.63922e-05+1i*(-0.00027012),0.000171937+1i*(-0.000175857),-0.00101599+1i*(-0.00416722),
674.528,-0.00765211+1i*(-0.0179347),0.000363753+1i*(0.000459958),0.000116172+1i*(0.000180192),0.000577691+1i*(0.000943134),-0.000831419+1i*(-0.00393185),-0.000185485+1i*(0.000161936),-9.73766e-05+1i*(-0.000267852),0.000168572+1i*(-0.000174717),-0.00101722+1i*(-0.00413634),
679.204,-0.00764699+1i*(-0.0177769),0.000362817+1i*(0.000455072),0.000116509+1i*(0.000178739),0.000578079+1i*(0.00093494),-0.000833442+1i*(-0.00390325),-0.000182125+1i*(0.00016082),-9.83462e-05+1i*(-0.000265588),0.000165247+1i*(-0.000173573),-0.0010184+1i*(-0.0041056),
683.912,-0.00764177+1i*(-0.0176201),0.000361883+1i*(0.000450217),0.000116838+1i*(0.000177284),0.000578452+1i*(0.000926774),-0.000835421+1i*(-0.00387476),-0.000178806+1i*(0.000159703),-9.93013e-05+1i*(-0.00026333),0.000161962+1i*(-0.000172425),-0.00101956+1i*(-0.00407499),
688.652,-0.00763643+1i*(-0.0174641),0.000360951+1i*(0.000445392),0.000117161+1i*(0.000175829),0.00057881+1i*(0.000918636),-0.000837358+1i*(-0.0038464),-0.000175528+1i*(0.000158584),-0.000100242+1i*(-0.000261077),0.000158718+1i*(-0.000171274),-0.00102068+1i*(-0.00404451),
693.426,-0.00763098+1i*(-0.0173091),0.00036002+1i*(0.000440598),0.000117476+1i*(0.000174373),0.000579152+1i*(0.000910525),-0.000839252+1i*(-0.00381816),-0.00017229+1i*(0.000157463),-0.000101168+1i*(-0.000258828),0.000155513+1i*(-0.00017012),-0.00102176+1i*(-0.00401417),
698.232,-0.00762541+1i*(-0.017155),0.00035909+1i*(0.000435833),0.000117785+1i*(0.000172916),0.00057948+1i*(0.000902442),-0.000841103+1i*(-0.00379004),-0.000169091+1i*(0.00015634),-0.00010208+1i*(-0.000256585),0.000152348+1i*(-0.000168962),-0.00102281+1i*(-0.00398397),
703.072,-0.00761973+1i*(-0.0170017),0.000358161+1i*(0.000431098),0.000118088+1i*(0.000171459),0.000579792+1i*(0.000894387),-0.000842912+1i*(-0.00376204),-0.000165932+1i*(0.000155217),-0.000102977+1i*(-0.000254347),0.000149221+1i*(-0.000167801),-0.00102382+1i*(-0.0039539),
707.946,-0.00761393+1i*(-0.0168494),0.000357233+1i*(0.000426393),0.000118383+1i*(0.000170002),0.00058009+1i*(0.000886359),-0.000844679+1i*(-0.00373415),-0.000162812+1i*(0.000154092),-0.00010386+1i*(-0.000252114),0.000146134+1i*(-0.000166637),-0.0010248+1i*(-0.00392396),
712.853,-0.00760801+1i*(-0.0166979),0.000356306+1i*(0.000421716),0.000118672+1i*(0.000168545),0.000580372+1i*(0.000878358),-0.000846404+1i*(-0.00370639),-0.000159731+1i*(0.000152966),-0.000104729+1i*(-0.000249886),0.000143085+1i*(-0.000165471),-0.00102574+1i*(-0.00389416),
717.794,-0.00760197+1i*(-0.0165473),0.000355379+1i*(0.000417068),0.000118955+1i*(0.000167088),0.00058064+1i*(0.000870385),-0.000848087+1i*(-0.00367875),-0.000156689+1i*(0.000151839),-0.000105584+1i*(-0.000247664),0.000140074+1i*(-0.000164302),-0.00102665+1i*(-0.00386449),
722.77,-0.00759581+1i*(-0.0163975),0.000354454+1i*(0.000412449),0.000119231+1i*(0.000165631),0.000580892+1i*(0.000862439),-0.000849729+1i*(-0.00365123),-0.000153685+1i*(0.000150711),-0.000106426+1i*(-0.000245446),0.0001371+1i*(-0.000163131),-0.00102752+1i*(-0.00383495),
727.78,-0.00758953+1i*(-0.0162486),0.000353529+1i*(0.000407858),0.0001195+1i*(0.000164174),0.00058113+1i*(0.000854521),-0.000851329+1i*(-0.00362382),-0.000150719+1i*(0.000149582),-0.000107253+1i*(-0.000243235),0.000134165+1i*(-0.000161957),-0.00102836+1i*(-0.00380554),
732.825,-0.00758313+1i*(-0.0161005),0.000352605+1i*(0.000403294),0.000119763+1i*(0.000162717),0.000581353+1i*(0.00084663),-0.000852889+1i*(-0.00359654),-0.00014779+1i*(0.000148453),-0.000108066+1i*(-0.000241028),0.000131266+1i*(-0.000160781),-0.00102916+1i*(-0.00377627),
737.904,-0.00757661+1i*(-0.0159533),0.000351681+1i*(0.000398758),0.00012002+1i*(0.000161261),0.000581561+1i*(0.000838765),-0.000854407+1i*(-0.00356938),-0.000144899+1i*(0.000147323),-0.000108866+1i*(-0.000238827),0.000128404+1i*(-0.000159604),-0.00102993+1i*(-0.00374713),
743.019,-0.00756996+1i*(-0.0158069),0.000350758+1i*(0.000394249),0.00012027+1i*(0.000159805),0.000581754+1i*(0.000830928),-0.000855884+1i*(-0.00354233),-0.000142045+1i*(0.000146192),-0.000109653+1i*(-0.000236632),0.000125579+1i*(-0.000158424),-0.00103066+1i*(-0.00371812),
748.17,-0.00756319+1i*(-0.0156613),0.000349834+1i*(0.000389767),0.000120514+1i*(0.000158349),0.000581932+1i*(0.000823118),-0.000857321+1i*(-0.0035154),-0.000139227+1i*(0.000145062),-0.000110425+1i*(-0.000234441),0.00012279+1i*(-0.000157242),-0.00103136+1i*(-0.00368924),
753.356,-0.00755629+1i*(-0.0155165),0.000348911+1i*(0.000385311),0.000120752+1i*(0.000156895),0.000582095+1i*(0.000815335),-0.000858718+1i*(-0.0034886),-0.000136446+1i*(0.000143931),-0.000111185+1i*(-0.000232257),0.000120038+1i*(-0.00015606),-0.00103203+1i*(-0.0036605),
758.578,-0.00754926+1i*(-0.0153726),0.000347988+1i*(0.000380882),0.000120983+1i*(0.000155441),0.000582244+1i*(0.000807579),-0.000860074+1i*(-0.00346191),-0.000133701+1i*(0.0001428),-0.00011193+1i*(-0.000230078),0.00011732+1i*(-0.000154875),-0.00103266+1i*(-0.00363188),
763.836,-0.0075421+1i*(-0.0152294),0.000347065+1i*(0.000376479),0.000121209+1i*(0.000153987),0.000582378+1i*(0.000799849),-0.00086139+1i*(-0.00343533),-0.000130991+1i*(0.000141668),-0.000112663+1i*(-0.000227904),0.000114638+1i*(-0.000153689),-0.00103325+1i*(-0.0036034),
769.13,-0.00753481+1i*(-0.0150871),0.000346142+1i*(0.000372102),0.000121428+1i*(0.000152535),0.000582497+1i*(0.000792146),-0.000862666+1i*(-0.00340888),-0.000128317+1i*(0.000140537),-0.000113382+1i*(-0.000225736),0.000111991+1i*(-0.000152502),-0.00103382+1i*(-0.00357504),
774.462,-0.0075274+1i*(-0.0149455),0.000345219+1i*(0.00036775),0.00012164+1i*(0.000151083),0.000582601+1i*(0.00078447),-0.000863903+1i*(-0.00338254),-0.000125678+1i*(0.000139407),-0.000114089+1i*(-0.000223574),0.000109379+1i*(-0.000151314),-0.00103434+1i*(-0.00354682),
779.83,-0.00751985+1i*(-0.0148047),0.000344295+1i*(0.000363424),0.000121847+1i*(0.000149633),0.00058269+1i*(0.00077682),-0.000865099+1i*(-0.00335632),-0.000123074+1i*(0.000138276),-0.000114782+1i*(-0.000221417),0.000106801+1i*(-0.000150125),-0.00103484+1i*(-0.00351872),
785.236,-0.00751216+1i*(-0.0146647),0.000343371+1i*(0.000359123),0.000122048+1i*(0.000148183),0.000582764+1i*(0.000769197),-0.000866257+1i*(-0.00333022),-0.000120505+1i*(0.000137146),-0.000115462+1i*(-0.000219266),0.000104257+1i*(-0.000148935),-0.0010353+1i*(-0.00349075),
790.679,-0.00750434+1i*(-0.0145254),0.000342446+1i*(0.000354846),0.000122243+1i*(0.000146735),0.000582824+1i*(0.0007616),-0.000867374+1i*(-0.00330424),-0.000117969+1i*(0.000136016),-0.000116129+1i*(-0.00021712),0.000101747+1i*(-0.000147745),-0.00103572+1i*(-0.00346291),
796.159,-0.00749639+1i*(-0.014387),0.000341521+1i*(0.000350594),0.000122431+1i*(0.000145288),0.000582869+1i*(0.000754029),-0.000868453+1i*(-0.00327837),-0.000115468+1i*(0.000134886),-0.000116784+1i*(-0.00021498),9.9271e-05+1i*(-0.000146553),-0.00103611+1i*(-0.0034352),
801.678,-0.0074883+1i*(-0.0142492),0.000340595+1i*(0.000346366),0.000122614+1i*(0.000143842),0.000582898+1i*(0.000746484),-0.000869492+1i*(-0.00325261),-0.000113+1i*(0.000133758),-0.000117425+1i*(-0.000212846),9.68278e-05+1i*(-0.000145362),-0.00103647+1i*(-0.00340762),
807.235,-0.00748007+1i*(-0.0141122),0.000339668+1i*(0.000342162),0.000122791+1i*(0.000142397),0.000582913+1i*(0.000738966),-0.000870492+1i*(-0.00322698),-0.000110565+1i*(0.00013263),-0.000118054+1i*(-0.000210718),9.44175e-05+1i*(-0.000144169),-0.00103679+1i*(-0.00338016),
812.831,-0.00747169+1i*(-0.013976),0.00033874+1i*(0.000337982),0.000122961+1i*(0.000140954),0.000582913+1i*(0.000731473),-0.000871454+1i*(-0.00320146),-0.000108163+1i*(0.000131502),-0.000118671+1i*(-0.000208595),9.20398e-05+1i*(-0.000142977),-0.00103708+1i*(-0.00335283),
818.465,-0.00746318+1i*(-0.0138405),0.00033781+1i*(0.000333826),0.000123126+1i*(0.000139513),0.000582899+1i*(0.000724006),-0.000872376+1i*(-0.00317605),-0.000105794+1i*(0.000130376),-0.000119274+1i*(-0.000206478),8.96945e-05+1i*(-0.000141784),-0.00103733+1i*(-0.00332562),
824.138,-0.00745453+1i*(-0.0137058),0.00033688+1i*(0.000329693),0.000123285+1i*(0.000138072),0.000582869+1i*(0.000716565),-0.00087326+1i*(-0.00315076),-0.000103458+1i*(0.000129251),-0.000119866+1i*(-0.000204367),8.73813e-05+1i*(-0.000140592),-0.00103755+1i*(-0.00329854),
829.851,-0.00744573+1i*(-0.0135717),0.000335948+1i*(0.000325583),0.000123438+1i*(0.000136634),0.000582824+1i*(0.000709149),-0.000874105+1i*(-0.00312558),-0.000101153+1i*(0.000128126),-0.000120444+1i*(-0.000202261),8.50998e-05+1i*(-0.000139399),-0.00103774+1i*(-0.00327159),
835.603,-0.00743678+1i*(-0.0134384),0.000335015+1i*(0.000321495),0.000123586+1i*(0.000135197),0.000582765+1i*(0.000701759),-0.000874912+1i*(-0.00310052),-9.88804e-05+1i*(0.000127003),-0.000121011+1i*(-0.000200162),8.28498e-05+1i*(-0.000138206),-0.00103789+1i*(-0.00324476),
841.395,-0.00742769+1i*(-0.0133058),0.00033408+1i*(0.000317431),0.000123727+1i*(0.000133761),0.00058269+1i*(0.000694394),-0.00087568+1i*(-0.00307557),-9.66393e-05+1i*(0.000125881),-0.000121565+1i*(-0.000198068),8.0631e-05+1i*(-0.000137014),-0.00103801+1i*(-0.00321805),
847.227,-0.00741845+1i*(-0.0131739),0.000333144+1i*(0.000313389),0.000123863+1i*(0.000132327),0.0005826+1i*(0.000687054),-0.00087641+1i*(-0.00305073),-9.44294e-05+1i*(0.00012476),-0.000122107+1i*(-0.000195979),7.84431e-05+1i*(-0.000135822),-0.00103809+1i*(-0.00319147),
853.1,-0.00740906+1i*(-0.0130427),0.000332205+1i*(0.000309369),0.000123993+1i*(0.000130895),0.000582495+1i*(0.00067974),-0.000877102+1i*(-0.003026),-9.22505e-05+1i*(0.00012364),-0.000122636+1i*(-0.000193897),7.62858e-05+1i*(-0.00013463),-0.00103814+1i*(-0.00316501),
859.014,-0.00739951+1i*(-0.0129122),0.000331265+1i*(0.000305371),0.000124117+1i*(0.000129465),0.000582375+1i*(0.000672451),-0.000877755+1i*(-0.00300139),-9.01023e-05+1i*(0.000122522),-0.000123154+1i*(-0.000191821),7.41589e-05+1i*(-0.000133439),-0.00103815+1i*(-0.00313867),
864.968,-0.00738982+1i*(-0.0127824),0.000330323+1i*(0.000301396),0.000124235+1i*(0.000128037),0.00058224+1i*(0.000665186),-0.00087837+1i*(-0.00297689),-8.79845e-05+1i*(0.000121405),-0.00012366+1i*(-0.00018975),7.20621e-05+1i*(-0.000132248),-0.00103813+1i*(-0.00311246),
870.964,-0.00737997+1i*(-0.0126533),0.000329378+1i*(0.000297441),0.000124348+1i*(0.00012661),0.00058209+1i*(0.000657946),-0.000878947+1i*(-0.00295251),-8.58969e-05+1i*(0.00012029),-0.000124153+1i*(-0.000187685),6.99952e-05+1i*(-0.000131058),-0.00103808+1i*(-0.00308637),
877.001,-0.00736996+1i*(-0.0125249),0.000328432+1i*(0.000293508),0.000124455+1i*(0.000125186),0.000581924+1i*(0.000650731),-0.000879486+1i*(-0.00292823),-8.38391e-05+1i*(0.000119176),-0.000124635+1i*(-0.000185626),6.79577e-05+1i*(-0.000129869),-0.00103799+1i*(-0.0030604),
883.08,-0.0073598+1i*(-0.0123971),0.000327483+1i*(0.000289597),0.000124556+1i*(0.000123763),0.000581744+1i*(0.000643541),-0.000879987+1i*(-0.00290407),-8.18108e-05+1i*(0.000118065),-0.000125104+1i*(-0.000183572),6.59496e-05+1i*(-0.000128681),-0.00103787+1i*(-0.00303454),
889.201,-0.00734947+1i*(-0.0122701),0.000326531+1i*(0.000285706),0.000124652+1i*(0.000122342),0.000581548+1i*(0.000636375),-0.00088045+1i*(-0.00288001),-7.98119e-05+1i*(0.000116954),-0.000125562+1i*(-0.000181525),6.39705e-05+1i*(-0.000127494),-0.00103771+1i*(-0.00300881),
895.365,-0.00733899+1i*(-0.0121436),0.000325577+1i*(0.000281837),0.000124742+1i*(0.000120924),0.000581336+1i*(0.000629233),-0.000880875+1i*(-0.00285607),-7.78421e-05+1i*(0.000115846),-0.000126008+1i*(-0.000179483),6.20201e-05+1i*(-0.000126307),-0.00103752+1i*(-0.0029832),
901.571,-0.00732834+1i*(-0.0120179),0.00032462+1i*(0.000277988),0.000124827+1i*(0.000119507),0.000581109+1i*(0.000622116),-0.000881262+1i*(-0.00283223),-7.5901e-05+1i*(0.00011474),-0.000126442+1i*(-0.000177447),6.00982e-05+1i*(-0.000125122),-0.00103729+1i*(-0.00295771),
907.821,-0.00731753+1i*(-0.0118928),0.00032366+1i*(0.000274159),0.000124905+1i*(0.000118093),0.000580867+1i*(0.000615022),-0.000881612+1i*(-0.00280851),-7.39884e-05+1i*(0.000113635),-0.000126865+1i*(-0.000175417),5.82045e-05+1i*(-0.000123938),-0.00103703+1i*(-0.00293234),
914.113,-0.00730655+1i*(-0.0117683),0.000322697+1i*(0.000270351),0.000124978+1i*(0.00011668),0.000580609+1i*(0.000607953),-0.000881923+1i*(-0.00278489),-7.21041e-05+1i*(0.000112532),-0.000127276+1i*(-0.000173393),5.63388e-05+1i*(-0.000122755),-0.00103673+1i*(-0.00290708),
920.45,-0.0072954+1i*(-0.0116445),0.000321731+1i*(0.000266564),0.000125046+1i*(0.00011527),0.000580335+1i*(0.000600907),-0.000882197+1i*(-0.00276138),-7.02478e-05+1i*(0.000111432),-0.000127675+1i*(-0.000171375),5.45008e-05+1i*(-0.000121573),-0.0010364+1i*(-0.00288194),
926.83,-0.00728409+1i*(-0.0115213),0.000320762+1i*(0.000262796),0.000125108+1i*(0.000113862),0.000580046+1i*(0.000593885),-0.000882433+1i*(-0.00273798),-6.84192e-05+1i*(0.000110334),-0.000128063+1i*(-0.000169362),5.26903e-05+1i*(-0.000120393),-0.00103603+1i*(-0.00285692),
933.254,-0.0072726+1i*(-0.0113988),0.000319789+1i*(0.000259048),0.000125164+1i*(0.000112456),0.000579741+1i*(0.000586886),-0.00088263+1i*(-0.00271469),-6.66181e-05+1i*(0.000109238),-0.000128439+1i*(-0.000167356),5.0907e-05+1i*(-0.000119215),-0.00103563+1i*(-0.00283202),
939.723,-0.00726094+1i*(-0.0112769),0.000318813+1i*(0.000255319),0.000125215+1i*(0.000111052),0.00057942+1i*(0.000579911),-0.00088279+1i*(-0.00269151),-6.48442e-05+1i*(0.000108144),-0.000128804+1i*(-0.000165355),4.91507e-05+1i*(-0.000118037),-0.00103519+1i*(-0.00280723),
946.237,-0.00724911+1i*(-0.0111556),0.000317833+1i*(0.000251611),0.00012526+1i*(0.000109651),0.000579084+1i*(0.00057296),-0.000882913+1i*(-0.00266843),-6.30973e-05+1i*(0.000107052),-0.000129158+1i*(-0.00016336),4.74211e-05+1i*(-0.000116862),-0.00103472+1i*(-0.00278256),
952.796,-0.00723709+1i*(-0.011035),0.000316849+1i*(0.000247921),0.0001253+1i*(0.000108252),0.000578731+1i*(0.000566031),-0.000882997+1i*(-0.00264546),-6.13772e-05+1i*(0.000105963),-0.0001295+1i*(-0.000161371),4.5718e-05+1i*(-0.000115688),-0.00103421+1i*(-0.002758),
959.401,-0.0072249+1i*(-0.0109149),0.000315862+1i*(0.000244251),0.000125334+1i*(0.000106855),0.000578362+1i*(0.000559126),-0.000883043+1i*(-0.00262259),-5.96835e-05+1i*(0.000104876),-0.000129831+1i*(-0.000159387),4.40411e-05+1i*(-0.000114516),-0.00103366+1i*(-0.00273356),
966.051,-0.00721253+1i*(-0.0107955),0.00031487+1i*(0.0002406),0.000125362+1i*(0.00010546),0.000577978+1i*(0.000552243),-0.000883052+1i*(-0.00259983),-5.80161e-05+1i*(0.000103792),-0.00013015+1i*(-0.00015741),4.23902e-05+1i*(-0.000113346),-0.00103308+1i*(-0.00270923),
972.747,-0.00719998+1i*(-0.0106767),0.000313875+1i*(0.000236968),0.000125385+1i*(0.000104068),0.000577577+1i*(0.000545384),-0.000883022+1i*(-0.00257717),-5.63747e-05+1i*(0.00010271),-0.000130459+1i*(-0.000155438),4.07651e-05+1i*(-0.000112177),-0.00103247+1i*(-0.00268501),
979.49,-0.00718724+1i*(-0.0105585),0.000312875+1i*(0.000233355),0.000125402+1i*(0.000102679),0.000577159+1i*(0.000538547),-0.000882955+1i*(-0.00255462),-5.4759e-05+1i*(0.00010163),-0.000130756+1i*(-0.000153472),3.91655e-05+1i*(-0.000111011),-0.00103181+1i*(-0.00266091),
986.279,-0.00717432+1i*(-0.0104409),0.00031187+1i*(0.000229761),0.000125414+1i*(0.000101291),0.000576726+1i*(0.000531732),-0.000882849+1i*(-0.00253217),-5.31689e-05+1i*(0.000100554),-0.000131042+1i*(-0.000151512),3.75912e-05+1i*(-0.000109847),-0.00103113+1i*(-0.00263691),
993.116,-0.0071612+1i*(-0.0103238),0.000310861+1i*(0.000226185),0.00012542+1i*(9.99062e-05),0.000576276+1i*(0.00052494),-0.000882706+1i*(-0.00250983),-5.1604e-05+1i*(9.948e-05),-0.000131316+1i*(-0.000149558),3.6042e-05+1i*(-0.000108684),-0.0010304+1i*(-0.00261303),
